Pitch_Number,Total_Deal_Amount,Total_Deal_Equity,Original_Offered_Equity,Valuation_Requested,Deal_Valuation,Investment_Amount_Per_Shark,Equity_Per_Shark,Number_of_Sharks_in_Deal,Barbara_Corcoran_Investment_Amount,Barbara_Corcoran_Investment_Equity,Mark_Cuban_Investment_Amount,Mark_Cuban_Investment_Equity,Lori_Greiner_Investment_Amount,Lori_Greiner_Investment_Equity,Robert_Herjavec_Investment_Amount,Robert_Herjavec_Investment_Equity,Daymond_John_Investment_Amount,Daymond_John_Investment_Equity,Kevin_O_Leary_Investment_Amount,Kevin_O_Leary_Investment_Equity,Guest_Investment_Amount,Guest_Investment_Equity
1,50000.0,55.0,15.0,333333,90909.0,50000.0,55.0,1.0,50000.0,55.0,,,,,,,,,,,,
2,460000.0,50.0,10.0,4600000,920000.0,230000.0,25.0,2.0,230000.0,25.0,,,,,,,230000.0,25.0,,,,
3,,,10.0,12000000,,,,,,,,,,,,,,,,,,
4,,,25.0,1000000,,,,,,,,,,,,,,,,,,
5,,,15.0,6666667,,,,,,,,,,,,,,,,,,
6,500000.0,50.0,15.0,3333333,1000000.0,250000.0,25.0,2.0,,,,,,,250000.0,25.0,,,250000.0,25.0,,
7,250000.0,100.0,10.0,2500000,250000.0,50000.0,20.0,5.0,50000.0,20.0,50000.0,20.0,,,50000.0,20.0,50000.0,20.0,50000.0,20.0,,
8,,,10.0,5000000,,,,,,,,,,,,,,,,,,
9,,,20.0,1000000,,,,,,,,,,,,,,,,,,
10,,,20.0,500000,,,,,,,,,,,,,,,,,,
11,35000.0,100.0,35.0,100000,35000.0,35000.0,100.0,1.0,,,,,,,,,,,,,35000.0,100.0
12,250000.0,50.0,20.0,1250000,500000.0,250000.0,50.0,1.0,250000.0,50.0,,,,,,,,,,,,
13,,,10.0,1000000,,,,,,,,,,,,,,,,,,
14,,,10.0,1550000,,,,,,,,,,,,,,,,,,
15,,,5.0,10000000,,,,,,,,,,,,,,,,,,
16,200000.0,50.0,30.0,500000,400000.0,100000.0,25.0,2.0,,,,,,,100000.0,25.0,,,100000.0,25.0,,
17,35000.0,40.0,15.0,2333333,87500.0,35000.0,40.0,1.0,35000.0,40.0,,,,,,,,,,,,
18,,,15.0,2333333,,,,,,,,,,,,,,,,,,
19,,,25.0,600000,,,,,,,,,,,,,,,,,,
20,,,40.0,750000,,,,,,,,,,,,,,,,,,
21,80000.0,51.0,20.0,400000,156863.0,40000.0,25.5,2.0,,,,,,,40000.0,25.5,,,40000.0,25.5,,
22,180000.0,50.0,20.0,900000,360000.0,180000.0,50.0,1.0,180000.0,50.0,,,,,,,,,,,,
23,,,25.0,200000,,,,,,,,,,,,,,,,,,
24,,,25.0,700000,,,,,,,,,,,,,,,,,,
25,,,30.0,166667,,,,,,,,,,,,,,,,,,
26,50000.0,50.0,10.0,500000,100000.0,50000.0,50.0,1.0,50000.0,50.0,,,,,,,,,,,,
27,150000.0,30.0,15.0,1000000,500000.0,150000.0,30.0,1.0,,,,,,,,,,,,,150000.0,30.0
28,,,25.0,220000,,,,,,,,,,,,,,,,,,
29,,,20.0,625000,,,,,,,,,,,,,,,,,,
30,,,25.0,600000,,,,,,,,,,,,,,,,,,
31,300000.0,51.0,25.0,500000,588235.0,100000.0,17.0,3.0,,,,,,,100000.0,17.0,100000.0,17.0,100000.0,17.0,,
32,50000.0,20.0,25.0,200000,250000.0,50000.0,20.0,1.0,,,,,,,50000.0,20.0,,,,,,
33,,,70.0,1000000,,,,,,,,,,,,,,,,,,
34,,,20.0,1500000,,,,,,,,,,,,,,,,,,
35,100000.0,60.0,20.0,750000,166667.0,50000.0,30.0,2.0,50000.0,30.0,,,,,,,50000.0,30.0,,,,
36,90000.0,25.0,10.0,900000,360000.0,90000.0,25.0,1.0,90000.0,25.0,,,,,,,,,,,,
37,,,25.0,200000,,,,,,,,,,,,,,,,,,
38,,,25.0,2000000,,,,,,,,,,,,,,,,,,
39,250000.0,50.0,20.0,1250000,500000.0,125000.0,25.0,2.0,125000.0,25.0,,,,,,,125000.0,25.0,,,,
40,50000.0,20.0,10.0,500000,250000.0,50000.0,20.0,1.0,50000.0,20.0,,,,,,,,,,,,
41,,,15.0,2000000,,,,,,,,,,,,,,,,,,
42,,,10.0,15000000,,,,,,,,,,,,,,,,,,
43,25000.0,70.0,51.0,49020,35714.0,25000.0,70.0,1.0,,,,,,,,,,,,,25000.0,70.0
44,600000.0,50.0,10.0,1500000,1200000.0,300000.0,25.0,2.0,,,,,,,300000.0,25.0,,,300000.0,25.0,,
45,,,18.0,416667,,,,,,,,,,,,,,,,,,
46,,,25.0,200000,,,,,,,,,,,,,,,,,,
47,500000.0,50.0,20.0,2500000,1000000.0,500000.0,50.0,1.0,,,,,,,,,500000.0,50.0,,,,
48,50000.0,40.0,10.0,500000,125000.0,50000.0,40.0,1.0,50000.0,40.0,,,,,,,,,,,,
49,,,20.0,750000,,,,,,,,,,,,,,,,,,
50,,,10.0,3000000,,,,,,,,,,,,,,,,,,
51,,,40.0,212500,,,,,,,,,,,,,,,,,,
52,40000.0,40.0,40.0,100000,100000.0,20000.0,20.0,2.0,20000.0,20.0,,,,,20000.0,20.0,,,,,,
53,,,30.0,666667,,,,,,,,,,,,,,,,,,
54,,,33.0,757576,,,,,,,,,,,,,,,,,,
55,,,20.0,150000,,,,,,,,,,,,,,,,,,
56,200000.0,50.0,25.0,800000,400000.0,200000.0,50.0,1.0,,,,,,,,,,,,,200000.0,50.0
57,105000.0,50.0,30.0,350000,210000.0,52500.0,25.0,2.0,52500.0,25.0,,,,,,,52500.0,25.0,,,,
58,,,15.0,1333333,,,,,,,,,,,,,,,,,,
59,,,25.0,192000,,,,,,,,,,,,,,,,,,
60,200000.0,51.0,25.0,800000,392157.0,200000.0,51.0,1.0,,,,,,,,,200000.0,51.0,,,,
61,90000.0,51.0,51.0,176471,176471.0,90000.0,51.0,1.0,,,,,,,,,90000.0,51.0,,,,
62,,,20.0,430000,,,,,,,,,,,,,,,,,,
63,,,15.0,1000000,,,,,,,,,,,,,,,,,,
64,,,10.0,1250000,,,,,,,,,,,,,,,,,,
65,100000.0,40.0,10.0,850000,250000.0,50000.0,20.0,2.0,50000.0,20.0,,,,,,,50000.0,20.0,,,,
66,100000.0,30.0,5.0,600000,333333.0,50000.0,15.0,2.0,50000.0,15.0,50000.0,15.0,,,,,,,,,,
67,,,25.0,800000,,,,,,,,,,,,,,,,,,
68,,,5.0,6000000,,,,,,,,,,,,,,,,,,
69,200000.0,35.0,10.0,1000000,571429.0,100000.0,17.5,2.0,,,100000.0,17.5,,,,,,,100000.0,17.5,,
70,750000.0,30.0,10.0,5000000,2500000.0,250000.0,10.0,3.0,,,250000.0,10.0,,,250000.0,10.0,250000.0,10.0,,,,
71,,,20.0,2500000,,,,,,,,,,,,,,,,,,
72,,,20.0,200000,,,,,,,,,,,,,,,,,,
73,90000.0,33.0,25.0,360000,272727.0,90000.0,33.0,1.0,,,,,,,90000.0,33.0,,,,,,
74,100000.0,25.0,20.0,500000,400000.0,100000.0,25.0,1.0,,,,,,,,,100000.0,25.0,,,,
75,,,15.0,933333,,,,,,,,,,,,,,,,,,
76,,,10.0,1500000,,,,,,,,,,,,,,,,,,
77,50000.0,40.0,20.0,250000,125000.0,50000.0,40.0,1.0,50000.0,40.0,,,,,,,,,,,,
78,75000.0,25.0,25.0,200000,300000.0,37500.0,12.5,2.0,,,,,,,37500.0,12.5,37500.0,12.5,,,,
79,50000.0,25.0,25.0,200000,200000.0,50000.0,25.0,1.0,50000.0,25.0,,,,,,,,,,,,
80,,,20.0,125000,,,,,,,,,,,,,,,,,,
81,10000.0,70.0,5.0,2000000,14286.0,5000.0,35.0,2.0,,,,,,,5000.0,35.0,5000.0,35.0,,,,
82,100000.0,50.0,30.0,333333,200000.0,50000.0,25.0,2.0,50000.0,25.0,,,,,,,,,50000.0,25.0,,
83,,,30.0,1666667,,,,,,,,,,,,,,,,,,
84,,,20.0,400000,,,,,,,,,,,,,,,,,,
85,75000.0,33.0,25.0,160000,227273.0,75000.0,33.0,1.0,,,,,,,,,75000.0,33.0,,,,
86,50000.0,25.0,25.0,200000,200000.0,50000.0,25.0,1.0,50000.0,25.0,,,,,,,,,,,,
87,,,20.0,150000,,,,,,,,,,,,,,,,,,
88,,,20.0,300000,,,,,,,,,,,,,,,,,,
89,50000.0,50.0,25.0,200000,100000.0,50000.0,50.0,1.0,,,,,,,,,,,,,50000.0,50.0
90,,,15.0,200000,,,,,,,,,,,,,,,,,,
91,,,20.0,450000,,,,,,,,,,,,,,,,,,
92,,,10.0,5000000,,,,,,,,,,,,,,,,,,
93,1250000.0,100.0,40.0,1250000,1250000.0,1250000.0,100.0,1.0,,,1250000.0,100.0,,,,,,,,,,
94,150000.0,15.0,15.0,1000000,1000000.0,150000.0,15.0,1.0,,,,,,,150000.0,15.0,,,,,,
95,,,25.0,200000,,,,,,,,,,,,,,,,,,
96,,,15.0,1666667,,,,,,,,,,,,,,,,,,
97,180000.0,45.0,45.0,400000,400000.0,180000.0,45.0,1.0,180000.0,45.0,,,,,,,,,,,,
98,500000.0,35.0,20.0,2500000,1428571.0,500000.0,35.0,1.0,,,,,,,,,500000.0,35.0,,,,
99,100000.0,20.0,15.0,666667,333333.0,100000.0,20.0,1.0,,,,,,,,,,,,,100000.0,20.0
100,,,15.0,333333,,,,,,,,,,,,,,,,,,
101,150000.0,30.0,15.0,1000000,500000.0,75000.0,15.0,2.0,,,75000.0,15.0,,,,,75000.0,15.0,,,,
102,60000.0,8.0,5.0,1200000,750000.0,60000.0,8.0,1.0,,,60000.0,8.0,,,,,,,,,,
103,,,10.0,1000000,,,,,,,,,,,,,,,,,,
104,,,10.0,2000000,,,,,,,,,,,,,,,,,,
105,25000.0,33.0,25.0,40000,75758.0,25000.0,33.0,1.0,,,25000.0,33.0,,,,,,,,,,
106,,,40.0,225000,,,,,,,,,,,,,,,,,,
107,,,10.0,1000000,,,,,,,,,,,,,,,,,,
108,,,20.0,7500000,,,,,,,,,,,,,,,,,,
109,50000.0,50.0,20.0,275000,100000.0,50000.0,50.0,1.0,,,,,,,50000.0,50.0,,,,,,
110,175000.0,20.0,10.0,1250000,875000.0,175000.0,20.0,1.0,,,,,,,175000.0,20.0,,,,,,
111,,,5.0,2000000,,,,,,,,,,,,,,,,,,
112,,,50.0,100000,,,,,,,,,,,,,,,,,,
113,400000.0,100.0,30.0,133333,400000.0,400000.0,100.0,1.0,,,400000.0,100.0,,,,,,,,,,
114,75000.0,25.0,25.0,200000,300000.0,75000.0,25.0,1.0,,,,,75000.0,25.0,,,,,,,,
115,,,35.0,85714,,,,,,,,,,,,,,,,,,
116,,,25.0,200000,,,,,,,,,,,,,,,,,,
117,40000.0,60.0,20.0,200000,66667.0,40000.0,60.0,1.0,,,,,,,,,40000.0,60.0,,,,
118,250000.0,35.0,20.0,1250000,714286.0,250000.0,35.0,1.0,,,,,,,,,,,250000.0,35.0,,
119,300000.0,30.0,15.0,2000000,1000000.0,100000.0,10.0,3.0,,,100000.0,10.0,100000.0,10.0,100000.0,10.0,,,,,,
120,,,25.0,120000,,,,,,,,,,,,,,,,,,
121,150000.0,65.0,15.0,1000000,230769.0,150000.0,65.0,1.0,,,,,150000.0,65.0,,,,,,,,
122,100000.0,25.0,25.0,400000,400000.0,100000.0,25.0,1.0,,,100000.0,25.0,,,,,,,,,,
123,,,20.0,175000,,,,,,,,,,,,,,,,,,
124,,,25.0,1000000,,,,,,,,,,,,,,,,,,
125,200000.0,40.0,20.0,1000000,500000.0,200000.0,40.0,1.0,,,200000.0,40.0,,,,,,,,,,
126,75000.0,40.0,25.0,300000,187500.0,75000.0,40.0,1.0,75000.0,40.0,,,,,,,,,,,,
127,,,15.0,3333333,,,,,,,,,,,,,,,,,,
128,,,50.0,200000,,,,,,,,,,,,,,,,,,
129,80000.0,51.0,51.0,156863,156863.0,40000.0,25.5,2.0,,,40000.0,25.5,,,,,40000.0,25.5,,,,
130,75000.0,50.0,12.0,625000,150000.0,40000.0,25.5,1.0,75000.0,50.0,,,,,,,,,,,,
131,,,15.0,500000,,,,,,,,,,,,,,,,,,
132,,,20.0,750000,,,,,,,,,,,,,,,,,,
133,150000.0,30.0,10.0,1500000,500000.0,150000.0,30.0,1.0,,,150000.0,30.0,,,,,,,,,,
134,300000.0,8.0,5.0,6000000,3750000.0,300000.0,8.0,1.0,,,300000.0,8.0,,,,,,,,,,
135,,,25.0,400000,,,,,,,,,,,,,,,,,,
136,,,30.0,250000,,,,,,,,,,,,,,,,,,
137,300000.0,50.0,15.0,2000000,600000.0,300000.0,50.0,1.0,,,,,,,,,300000.0,50.0,,,,
138,,,15.0,833333,,,,,,,,,,,,,,,,,,
139,,,15.0,833333,,,,,,,,,,,,,,,,,,
140,,,51.0,196078,,,,,,,,,,,,,,,,,,
141,,,20.0,2500000,,,,,,,,,,,,,,,,,,
142,,,3.0,6666667,,,,,,,,,,,,,,,,,,
143,,,5.0,6000000,,,,,,,,,,,,,,,,,,
144,,,10.0,10000000,,,,,,,,,,,,,,,,,,
145,100000.0,40.0,15.0,666667,250000.0,50000.0,20.0,2.0,,,50000.0,20.0,,,50000.0,20.0,,,,,,
146,50000.0,40.0,20.0,250000,125000.0,50000.0,40.0,1.0,,,,,50000.0,40.0,,,,,,,,
147,,,20.0,2700000,,,,,,,,,,,,,,,,,,
148,,,30.0,190000,,,,,,,,,,,,,,,,,,
149,500000.0,42.0,33.0,1515152,1190476.0,250000.0,21.0,2.0,250000.0,21.0,250000.0,21.0,,,,,,,,,,
150,500000.0,40.0,30.0,333333,1250000.0,250000.0,20.0,2.0,250000.0,20.0,250000.0,20.0,,,,,,,,,,
151,,,15.0,1666667,,,,,,,,,,,,,,,,,,
152,,,20.0,15000000,,,,,,,,,,,,,,,,,,
153,100000.0,50.0,20.0,500000,200000.0,50000.0,25.0,2.0,,,50000.0,25.0,,,,,50000.0,25.0,,,,
154,50000.0,40.0,10.0,500000,125000.0,50000.0,40.0,1.0,50000.0,40.0,,,,,,,,,,,,
155,50000.0,25.0,5.0,1000000,200000.0,50000.0,25.0,1.0,50000.0,25.0,,,,,,,,,,,,
156,,,20.0,1000000,,,,,,,,,,,,,,,,,,
157,50000.0,80.0,10.0,500000,62500.0,50000.0,80.0,1.0,,,,,,,,,50000.0,80.0,,,,
158,500000.0,40.0,33.0,1515152,1250000.0,250000.0,20.0,2.0,,,250000.0,20.0,,,,,,,250000.0,20.0,,
159,,,10.0,2500000,,,,,,,,,,,,,,,,,,
160,,,30.0,500000,,,,,,,,,,,,,,,,,,
161,50000.0,51.0,10.0,500000,98039.0,50000.0,51.0,1.0,50000.0,51.0,,,,,,,,,,,,
162,250000.0,25.0,7.0,1785714,1000000.0,50000.0,5.0,5.0,50000.0,5.0,50000.0,5.0,,,50000.0,5.0,50000.0,5.0,50000.0,5.0,,
163,,,10.0,2000000,,,,,,,,,,,,,,,,,,
164,,,10.0,1000000,,,,,,,,,,,,,,,,,,
165,300000.0,30.0,10.0,1500000,1000000.0,300000.0,30.0,1.0,,,300000.0,30.0,,,,,,,,,,
166,75000.0,30.0,5.0,1000000,250000.0,37500.0,15.0,2.0,,,,,,,,,37500.0,15.0,37500.0,15.0,,
167,,,10.0,500000,,,,,,,,,,,,,,,,,,
168,,,33.0,757576,,,,,,,,,,,,,,,,,,
169,100000.0,40.0,20.0,500000,250000.0,50000.0,20.0,2.0,,,50000.0,20.0,,,,,50000.0,20.0,,,,
170,100000.0,30.0,15.0,666667,333333.0,100000.0,30.0,1.0,,,100000.0,30.0,,,,,,,,,,
171,,,15.0,3333333,,,,,,,,,,,,,,,,,,
172,,,10.0,2000000,,,,,,,,,,,,,,,,,,
173,40000.0,33.0,33.0,121212,121212.0,40000.0,33.0,1.0,,,,,40000.0,33.0,,,,,,,,
174,150000.0,25.0,15.0,1000000,600000.0,75000.0,12.5,2.0,,,,,75000.0,12.5,75000.0,12.5,,,,,,
175,,,12.0,708333,,,,,,,,,,,,,,,,,,
176,,,10.0,20000000,,,,,,,,,,,,,,,,,,
177,50000.0,30.0,25.0,200000,166667.0,50000.0,30.0,1.0,,,,,,,,,50000.0,30.0,,,,
178,200000.0,25.0,10.0,2000000,800000.0,200000.0,25.0,1.0,,,,,200000.0,25.0,,,,,,,,
179,,,25.0,300000,,,,,,,,,,,,,,,,,,
180,,,40.0,125000,,,,,,,,,,,,,,,,,,
181,250000.0,30.0,15.0,1666667,833333.0,250000.0,30.0,1.0,,,,,,,,,250000.0,30.0,,,,
182,55000.0,15.0,5.0,1100000,366667.0,55000.0,15.0,1.0,55000.0,15.0,,,,,,,,,,,,
183,,,10.0,2000000,,,,,,,,,,,,,,,,,,
184,,,15.0,1166667,,,,,,,,,,,,,,,,,,
185,300000.0,33.0,10.0,3000000,909091.0,150000.0,16.5,2.0,,,,,,,150000.0,16.5,,,150000.0,16.5,,
186,200000.0,20.0,10.0,1000000,1000000.0,200000.0,20.0,1.0,,,,,200000.0,20.0,,,,,,,,
187,,,20.0,300000,,,,,,,,,,,,,,,,,,
188,,,20.0,625000,,,,,,,,,,,,,,,,,,
189,65000.0,35.0,25.0,260000,185714.0,65000.0,35.0,1.0,,,,,65000.0,35.0,,,,,,,,
190,90000.0,8.0,5.0,1800000,1125000.0,90000.0,8.0,1.0,,,,,90000.0,8.0,,,,,,,,
191,,,15.0,166667,,,,,,,,,,,,,,,,,,
192,150000.0,30.0,20.0,750000,500000.0,150000.0,30.0,1.0,,,,,,,,,,,150000.0,30.0,,
193,125000.0,20.0,15.0,1666667,625000.0,62500.0,10.0,2.0,62500.0,10.0,62500.0,10.0,,,,,,,,,,
194,,,10.0,2500000,,,,,,,,,,,,,,,,,,
195,,,15.0,1000000,,,,,,,,,,,,,,,,,,
196,150000.0,20.0,10.0,750000,750000.0,75000.0,10.0,2.0,,,,,,,75000.0,10.0,,,75000.0,10.0,,
197,,,10.0,350000,,,,,,,,,,,,,,,,,,
198,,,25.0,400000,,,,,,,,,,,,,,,,,,
199,,,20.0,525000,,,,,,,,,,,,,,,,,,
200,150000.0,40.0,30.0,500000,375000.0,150000.0,40.0,1.0,,,150000.0,40.0,,,,,,,,,,
201,150000.0,15.0,15.0,1000000,1000000.0,150000.0,15.0,1.0,150000.0,15.0,,,,,,,,,,,,
202,,,20.0,500000,,,,,,,,,,,,,,,,,,
203,,,5.0,5000000,,,,,,,,,,,,,,,,,,
204,75000.0,40.0,15.0,333333,187500.0,75000.0,40.0,1.0,,,75000.0,40.0,,,,,,,,,,
205,450000.0,35.0,25.0,1800000,1285714.0,225000.0,17.5,2.0,,,225000.0,17.5,225000.0,17.5,,,,,,,,
206,,,30.0,166667,,,,,,,,,,,,,,,,,,
207,,,33.0,303030,,,,,,,,,,,,,,,,,,
208,150000.0,0.0,5.0,3000000,0.0,37500.0,0.0,4.0,,,,,37500.0,0.0,37500.0,0.0,37500.0,0.0,37500.0,0.0,,
209,100000.0,30.0,10.0,500000,333333.0,100000.0,30.0,1.0,,,100000.0,30.0,,,,,,,,,,
210,300000.0,15.0,12.0,2500000,2000000.0,300000.0,15.0,1.0,,,,,300000.0,15.0,,,,,,,,
211,,,12.0,2500000,,,,,,,,,,,,,,,,,,
212,54000.0,40.0,26.0,207692,135000.0,54000.0,40.0,1.0,,,,,,,,,54000.0,40.0,,,,
213,,,14.0,285714,,,,,,,,,,,,,,,,,,
214,,,20.0,2000000,,,,,,,,,,,,,,,,,,
215,,,8.0,5000000,,,,,,,,,,,,,,,,,,
216,90000.0,20.0,15.0,600000,450000.0,90000.0,20.0,1.0,,,,,,,90000.0,20.0,,,,,,
217,75000.0,15.0,10.0,750000,500000.0,37500.0,7.5,2.0,,,,,,,37500.0,7.5,37500.0,7.5,,,,
218,,,20.0,1500000,,,,,,,,,,,,,,,,,,
219,,,100.0,50000,,,,,,,,,,,,,,,,,,
220,100000.0,30.0,15.0,666667,333333.0,50000.0,15.0,2.0,,,50000.0,15.0,,,50000.0,15.0,,,,,,
221,1000000.0,20.0,12.0,8333333,5000000.0,1000000.0,20.0,1.0,,,,,,,,,,,1000000.0,20.0,,
222,,,25.0,300000,,,,,,,,,,,,,,,,,,
223,,,30.0,333333,,,,,,,,,,,,,,,,,,
224,,,20.0,450000,,,,,,,,,,,,,,,,,,
225,,,35.0,428571,,,,,,,,,,,,,,,,,,
226,,,10.0,1500000,,,,,,,,,,,,,,,,,,
227,,,5.0,3000000,,,,,,,,,,,,,,,,,,
228,70000.0,70.0,30.0,233333,100000.0,70000.0,70.0,1.0,,,,,,,,,70000.0,70.0,,,,
229,250000.0,30.0,20.0,1250000,833333.0,125000.0,15.0,2.0,,,125000.0,15.0,,,125000.0,15.0,,,,,,
230,,,20.0,400000,,,,,,,,,,,,,,,,,,
231,,,10.0,2500000,,,,,,,,,,,,,,,,,,
232,200000.0,58.0,20.0,1000000,344828.0,200000.0,58.0,1.0,,,,,200000.0,58.0,,,,,,,,
233,125000.0,25.0,25.0,480000,500000.0,125000.0,25.0,1.0,,,,,,,,,125000.0,25.0,,,,
234,,,10.0,1500000,,,,,,,,,,,,,,,,,,
235,,,20.0,800000,,,,,,,,,,,,,,,,,,
236,250000.0,100.0,40.0,250000,250000.0,250000.0,100.0,1.0,,,250000.0,100.0,,,,,,,,,,
237,100000.0,33.0,10.0,1000000,303030.0,100000.0,33.0,1.0,,,100000.0,33.0,,,,,,,,,,
238,300000.0,20.0,15.0,2000000,1500000.0,300000.0,20.0,1.0,,,,,300000.0,20.0,,,,,,,,
239,,,25.0,900000,,,,,,,,,,,,,,,,,,
240,300000.0,40.0,10.0,3000000,750000.0,300000.0,40.0,1.0,,,,,,,,,300000.0,40.0,,,,
241,100000.0,33.0,10.0,1000000,303030.0,100000.0,33.0,1.0,,,,,,,,,,,100000.0,33.0,,
242,,,15.0,666667,,,,,,,,,,,,,,,,,,
243,,,20.0,750000,,,,,,,,,,,,,,,,,,
244,75000.0,0.0,20.0,375000,0.0,75000.0,0.0,1.0,,,,,,,,,,,75000.0,0.0,,
245,50000.0,37.5,20.0,250000,133333.0,50000.0,37.5,1.0,,,,,,,,,50000.0,37.5,,,,
246,80000.0,33.0,20.0,400000,242424.0,80000.0,33.0,1.0,,,80000.0,33.0,,,,,,,,,,
247,,,22.0,9090909,,,,,,,,,,,,,,,,,,
248,200000.0,50.0,20.0,1000000,400000.0,100000.0,25.0,2.0,,,,,100000.0,25.0,,,,,100000.0,25.0,,
249,75000.0,30.0,15.0,500000,250000.0,75000.0,30.0,1.0,,,75000.0,30.0,,,,,,,,,,
250,,,25.0,1600000,,,,,,,,,,,,,,,,,,
251,,,40.0,325000,,,,,,,,,,,,,,,,,,
252,300000.0,33.0,10.0,3000000,909091.0,300000.0,33.0,1.0,300000.0,33.0,,,,,,,,,,,,
253,300000.0,32.0,20.0,1500000,937500.0,150000.0,16.0,2.0,150000.0,16.0,150000.0,16.0,,,,,,,,,,
254,,,30.0,833333,,,,,,,,,,,,,,,,,,
255,,,34.0,14705882,,,,,,,,,,,,,,,,,,
256,150000.0,35.0,25.0,600000,428571.0,75000.0,17.5,2.0,,,75000.0,17.5,75000.0,17.5,,,,,,,,
257,300000.0,25.0,5.0,2000000,1200000.0,300000.0,25.0,1.0,,,,,,,300000.0,25.0,,,,,,
258,,,10.0,1000000,,,,,,,,,,,,,,,,,,
259,,,25.0,400000,,,,,,,,,,,,,,,,,,
260,25000.0,25.0,25.0,100000,100000.0,25000.0,25.0,1.0,25000.0,25.0,,,,,,,,,,,,
261,250000.0,20.0,15.0,1666667,1250000.0,250000.0,20.0,1.0,,,,,,,,,,,250000.0,20.0,,
262,600000.0,15.0,10.0,6000000,4000000.0,300000.0,7.5,2.0,300000.0,7.5,300000.0,7.5,,,,,,,,,,
263,,,10.0,2000000,,,,,,,,,,,,,,,,,,
264,250000.0,25.0,10.0,2500000,1000000.0,125000.0,12.5,2.0,125000.0,12.5,125000.0,12.5,,,,,,,,,,
265,300000.0,7.5,5.0,6000000,4000000.0,300000.0,7.5,1.0,,,,,,,300000.0,7.5,,,,,,
266,,,20.0,625000,,,,,,,,,,,,,,,,,,
267,,,20.0,250000,,,,,,,,,,,,,,,,,,
268,150000.0,40.0,33.0,454545,375000.0,75000.0,20.0,2.0,,,,,75000.0,20.0,,,75000.0,20.0,,,,
269,1000000.0,30.0,10.0,2500000,3333333.0,200000.0,6.0,5.0,,,200000.0,6.0,200000.0,6.0,200000.0,6.0,200000.0,6.0,200000.0,6.0,,
270,,,20.0,375000,,,,,,,,,,,,,,,,,,
271,,,10.0,100000,,,,,,,,,,,,,,,,,,
272,200000.0,33.0,15.0,1333333,606061.0,200000.0,33.0,1.0,,,,,,,200000.0,33.0,,,,,,
273,150000.0,15.0,10.0,3000000,2000000.0,150000.0,15.0,1.0,,,150000.0,15.0,,,,,,,,,,
274,,,33.0,106061,,,,,,,,,,,,,,,,,,
275,,,20.0,250000,,,,,,,,,,,,,,,,,,
276,30000.0,50.0,25.0,120000,60000.0,30000.0,50.0,1.0,,,,,30000.0,50.0,,,,,,,,
277,300000.0,30.0,15.0,666667,1000000.0,300000.0,30.0,1.0,,,,,,,300000.0,30.0,,,,,,
278,,,10.0,750000,,,,,,,,,,,,,,,,,,
279,,,5.0,20000000,,,,,,,,,,,,,,,,,,
280,75000.0,20.0,15.0,500000,250000.0,37500.0,10.0,2.0,37500.0,10.0,37500.0,10.0,,,,,,,,,,
281,600000.0,9.0,7.0,8571429,6666667.0,600000.0,9.0,1.0,,,,,600000.0,9.0,,,,,,,,
282,,,20.0,250000,,,,,,,,,,,,,,,,,,
283,,,25.0,600000,,,,,,,,,,,,,,,,,,
284,200000.0,50.0,20.0,1000000,400000.0,200000.0,50.0,1.0,,,,,,,,,,,200000.0,50.0,,
285,2000000.0,20.0,10.0,20000000,10000000.0,2000000.0,20.0,1.0,,,2000000.0,20.0,,,,,,,,,,
286,250000.0,12.0,10.0,900000,2083333.0,250000.0,12.0,1.0,,,,,250000.0,12.0,,,,,,,,
287,,,20.0,250000,,,,,,,,,,,,,,,,,,
288,300000.0,25.0,15.0,2000000,1200000.0,300000.0,25.0,1.0,,,,,,,,,300000.0,25.0,,,,
289,150000.0,20.0,20.0,750000,750000.0,150000.0,20.0,1.0,,,,,,,,,,,,,150000.0,20.0
290,400000.0,17.0,7.0,5714286,2352941.0,400000.0,17.0,1.0,,,,,400000.0,17.0,,,,,,,,
291,,,20.0,1250000,,,,,,,,,,,,,,,,,,
292,250000.0,33.0,20.0,1250000,757576.0,125000.0,16.5,2.0,,,,,125000.0,16.5,,,,,125000.0,16.5,,
293,,,20.0,800000,,,,,,,,,,,,,,,,,,
294,,,12.5,4000000,,,,,,,,,,,,,,,,,,
295,,,20.0,1000000,,,,,,,,,,,,,,,,,,
296,,,10.0,1100000,,,,,,,,,,,,,,,,,,
297,,,15.0,1000000,,,,,,,,,,,,,,,,,,
298,,,10.0,7000000,,,,,,,,,,,,,,,,,,
299,,,15.0,3333333,,,,,,,,,,,,,,,,,,
300,87500.0,10.0,10.0,1750000,1750000.0,87500.0,10.0,1.0,87500.0,10.0,,,,,,,,,,,,
301,150000.0,20.0,15.0,1000000,750000.0,75000.0,10.0,2.0,,,,,,,75000.0,10.0,,,75000.0,10.0,,
302,55000.0,15.0,12.0,458333,366667.0,55000.0,15.0,1.0,,,,,,,,,55000.0,15.0,,,,
303,,,20.0,2500000,,,,,,,,,,,,,,,,,,
304,300000.0,30.0,15.0,2000000,1000000.0,300000.0,30.0,1.0,,,,,,,,,300000.0,30.0,,,,
305,,,15.0,3000000,,,,,,,,,,,,,,,,,,
306,,,30.0,500000,,,,,,,,,,,,,,,,,,
307,,,10.0,20000000,,,,,,,,,,,,,,,,,,
308,100000.0,10.0,5.0,2000000,1000000.0,100000.0,10.0,1.0,,,,,,,100000.0,10.0,,,,,,
309,50000.0,35.0,15.0,333333,142857.0,50000.0,35.0,1.0,,,,,,,,,50000.0,35.0,,,,
310,,,15.0,300000,,,,,,,,,,,,,,,,,,
311,,,20.0,625000,,,,,,,,,,,,,,,,,,
312,150000.0,80.0,20.0,750000,187500.0,75000.0,40.0,2.0,,,75000.0,40.0,,,,,,,75000.0,40.0,,
313,150000.0,0.0,10.0,1500000,0.0,150000.0,0.0,1.0,,,,,,,150000.0,0.0,,,,,,
314,,,20.0,150000,,,,,,,,,,,,,,,,,,
315,,,10.0,500000,,,,,,,,,,,,,,,,,,
316,175000.0,50.0,10.0,1750000,350000.0,87500.0,25.0,2.0,,,,,87500.0,25.0,87500.0,25.0,,,,,,
317,125000.0,10.0,10.0,1250000,1250000.0,125000.0,10.0,1.0,,,,,125000.0,10.0,,,,,,,,
318,,,30.0,833333,,,,,,,,,,,,,,,,,,
319,,,20.0,500000,,,,,,,,,,,,,,,,,,
320,60000.0,20.0,5.0,1200000,300000.0,60000.0,20.0,1.0,,,,,60000.0,20.0,,,,,,,,
321,150000.0,25.0,10.0,1500000,600000.0,150000.0,25.0,1.0,,,,,,,,,150000.0,25.0,,,,
322,,,20.0,1500000,,,,,,,,,,,,,,,,,,
323,,,30.0,666667,,,,,,,,,,,,,,,,,,
324,100000.0,30.0,20.0,250000,333333.0,50000.0,15.0,2.0,,,,,50000.0,15.0,,,,,,,50000.0,15.0
325,500000.0,15.0,5.0,1800000,3333333.0,250000.0,7.5,2.0,,,250000.0,7.5,250000.0,7.5,,,,,,,,
326,,,10.0,20000000,,,,,,,,,,,,,,,,,,
327,,,10.0,2500000,,,,,,,,,,,,,,,,,,
328,150000.0,45.0,15.0,666667,333333.0,150000.0,45.0,1.0,,,,,,,,,150000.0,45.0,,,,
329,100000.0,38.0,25.0,400000,263158.0,100000.0,38.0,1.0,100000.0,38.0,,,,,,,,,,,,
330,,,5.0,4000000,,,,,,,,,,,,,,,,,,
331,,,15.0,333333,,,,,,,,,,,,,,,,,,
332,200000.0,10.0,10.0,2000000,2000000.0,200000.0,10.0,1.0,,,,,200000.0,10.0,,,,,,,,
333,,,5.0,10000000,,,,,,,,,,,,,,,,,,
334,,,20.0,375000,,,,,,,,,,,,,,,,,,
335,,,10.0,1000000,,,,,,,,,,,,,,,,,,
336,200000.0,35.0,25.0,800000,571429.0,200000.0,35.0,1.0,,,200000.0,35.0,,,,,,,,,,
337,300000.0,10.0,10.0,1500000,3000000.0,300000.0,10.0,1.0,,,,,,,300000.0,10.0,,,,,,
338,,,20.0,400000,,,,,,,,,,,,,,,,,,
339,,,25.0,300000,,,,,,,,,,,,,,,,,,
340,300000.0,75.0,25.0,600000,400000.0,150000.0,37.5,2.0,,,150000.0,37.5,,,150000.0,37.5,,,,,,
341,100000.0,25.0,17.5,571429,400000.0,100000.0,25.0,1.0,,,,,,,,,,,100000.0,25.0,,
342,100000.0,20.0,20.0,500000,500000.0,50000.0,10.0,2.0,50000.0,10.0,50000.0,10.0,,,,,,,,,,
343,,,20.0,500000,,,,,,,,,,,,,,,,,,
344,,,10.0,2000000,,,,,,,,,,,,,,,,,,
345,50000.0,15.0,5.0,1000000,333333.0,50000.0,15.0,1.0,,,50000.0,15.0,,,,,,,,,,
346,275000.0,35.0,30.0,916667,785714.0,275000.0,35.0,1.0,,,,,,,,,275000.0,35.0,,,,
347,,,20.0,125000,,,,,,,,,,,,,,,,,,
348,500000.0,5.6,4.0,12500000,8992806.0,500000.0,5.6,1.0,,,500000.0,5.6,,,,,,,,,,
349,100000.0,35.0,30.0,333333,285714.0,50000.0,17.5,2.0,,,50000.0,17.5,50000.0,17.5,,,,,,,,
350,100000.0,20.0,10.0,500000,500000.0,100000.0,20.0,1.0,,,,,100000.0,20.0,,,,,,,,
351,,,10.0,5000000,,,,,,,,,,,,,,,,,,
352,225000.0,30.0,15.0,1500000,750000.0,75000.0,10.0,3.0,,,75000.0,10.0,,,75000.0,10.0,,,75000.0,10.0,,
353,375000.0,25.0,15.0,2500000,1500000.0,375000.0,25.0,1.0,,,,,,,375000.0,25.0,,,,,,
354,100000.0,40.0,20.0,375000,250000.0,50000.0,20.0,2.0,50000.0,20.0,,,50000.0,20.0,,,,,,,,
355,,,30.0,1666667,,,,,,,,,,,,,,,,,,
356,125000.0,20.0,20.0,625000,625000.0,62500.0,10.0,2.0,,,,,62500.0,10.0,,,,,62500.0,10.0,,
357,250000.0,12.0,10.0,2500000,2083333.0,250000.0,12.0,1.0,,,250000.0,12.0,,,,,,,,,,
358,,,10.0,1500000,,,,,,,,,,,,,,,,,,
359,,,10.0,1000000,,,,,,,,,,,,,,,,,,
360,250000.0,30.0,15.0,1666667,833333.0,250000.0,30.0,1.0,,,250000.0,30.0,,,,,,,,,,
361,350000.0,25.0,15.0,2333333,1400000.0,350000.0,25.0,1.0,,,350000.0,25.0,,,,,,,,,,
362,,,15.0,500000,,,,,,,,,,,,,,,,,,
363,,,10.0,2500000,,,,,,,,,,,,,,,,,,
364,1750000.0,25.0,10.0,10000000,7000000.0,1750000.0,25.0,1.0,,,1750000.0,25.0,,,,,,,,,,
365,75000.0,40.0,20.0,375000,187500.0,75000.0,40.0,1.0,75000.0,40.0,,,,,,,,,,,,
366,,,20.0,250000,,,,,,,,,,,,,,,,,,
367,,,10.0,10000000,,,,,,,,,,,,,,,,,,
368,500000.0,15.0,10.0,5000000,3333333.0,500000.0,15.0,1.0,,,,,500000.0,15.0,,,,,,,,
369,80000.0,30.0,30.0,266667,266667.0,40000.0,15.0,2.0,,,40000.0,15.0,40000.0,15.0,,,,,,,,
370,,,3.0,8600000,,,,,,,,,,,,,,,,,,
371,,,10.0,2500000,,,,,,,,,,,,,,,,,,
372,500000.0,25.0,12.0,4166667,2000000.0,500000.0,25.0,1.0,,,,,,,500000.0,25.0,,,,,,
373,150000.0,35.0,35.0,428571,428571.0,150000.0,35.0,1.0,,,150000.0,35.0,,,,,,,,,,
374,200000.0,40.0,20.0,1000000,500000.0,200000.0,40.0,1.0,,,,,,,200000.0,40.0,,,,,,
375,,,25.0,1000000,,,,,,,,,,,,,,,,,,
376,100000.0,40.0,15.0,500000,250000.0,100000.0,40.0,1.0,,,100000.0,40.0,,,,,,,,,,
377,50000.0,40.0,20.0,250000,125000.0,50000.0,40.0,1.0,,,,,50000.0,40.0,,,,,,,,
378,,,10.0,1250000,,,,,,,,,,,,,,,,,,
379,,,20.0,2000000,,,,,,,,,,,,,,,,,,
380,200000.0,20.0,10.0,2000000,1000000.0,200000.0,20.0,1.0,,,,,,,,,200000.0,20.0,,,,
381,200000.0,17.5,5.0,4000000,1142857.0,200000.0,17.5,1.0,,,,,,,,,200000.0,17.5,,,,
382,,,20.0,1000000,,,,,,,,,,,,,,,,,,
383,,,20.0,1000000,,,,,,,,,,,,,,,,,,
384,150000.0,30.0,15.0,1000000,500000.0,150000.0,30.0,1.0,,,,,,,150000.0,30.0,,,,,,
385,500000.0,5.0,5.0,10000000,10000000.0,250000.0,2.5,2.0,,,250000.0,2.5,250000.0,2.5,,,,,,,,
386,,,15.0,500000,,,,,,,,,,,,,,,,,,
387,,,20.0,625000,,,,,,,,,,,,,,,,,,
388,50000.0,40.0,10.0,250000,125000.0,50000.0,40.0,1.0,,,,,,,,,50000.0,40.0,,,,
389,,,10.0,2600000,,,,,,,,,,,,,,,,,,
390,,,30.0,200000,,,,,,,,,,,,,,,,,,
391,,,5.0,3000000,,,,,,,,,,,,,,,,,,
392,35000.0,50.0,25.0,140000,70000.0,35000.0,50.0,1.0,,,,,,,35000.0,50.0,,,,,,
393,150000.0,15.0,5.0,3000000,1000000.0,150000.0,15.0,1.0,,,,,150000.0,15.0,,,,,,,,
394,,,25.0,1140000,,,,,,,,,,,,,,,,,,
395,,,25.0,400000,,,,,,,,,,,,,,,,,,
396,1200000.0,20.0,5.0,12000000,6000000.0,600000.0,10.0,2.0,,,600000.0,10.0,,,600000.0,10.0,,,,,,
397,300000.0,20.0,5.0,6000000,1500000.0,300000.0,20.0,1.0,,,,,,,,,300000.0,20.0,,,,
398,,,20.0,500000,,,,,,,,,,,,,,,,,,
399,,,20.0,500000,,,,,,,,,,,,,,,,,,
400,400000.0,0.0,10.0,4000000,0.0,400000.0,0.0,1.0,,,,,,,,,,,400000.0,0.0,,
401,1000000.0,33.0,10.0,2000000,3030303.0,1000000.0,33.0,1.0,,,1000000.0,33.0,,,,,,,,,,
402,,,35.0,1428571,,,,,,,,,,,,,,,,,,
403,,,10.0,2500000,,,,,,,,,,,,,,,,,,
404,75000.0,25.0,10.0,600000,300000.0,75000.0,25.0,1.0,,,,,,,,,75000.0,25.0,,,,
405,500000.0,20.0,5.0,10000000,2500000.0,500000.0,20.0,1.0,,,,,,,,,500000.0,20.0,,,,
406,,,5.0,30000000,,,,,,,,,,,,,,,,,,
407,,,15.0,2666667,,,,,,,,,,,,,,,,,,
408,125000.0,25.0,20.0,500000,500000.0,125000.0,25.0,1.0,,,,,,,125000.0,25.0,,,,,,
409,150000.0,20.0,10.0,1500000,750000.0,75000.0,10.0,2.0,,,75000.0,10.0,,,,,,,75000.0,10.0,,
410,,,29.0,689655,,,,,,,,,,,,,,,,,,
411,,,15.0,500000,,,,,,,,,,,,,,,,,,
412,125000.0,30.0,20.0,625000,416667.0,125000.0,30.0,1.0,,,,,125000.0,30.0,,,,,,,,
413,350000.0,10.0,5.0,7000000,3500000.0,350000.0,10.0,1.0,,,,,350000.0,10.0,,,,,,,,
414,200000.0,10.0,10.0,2000000,2000000.0,200000.0,10.0,1.0,200000.0,10.0,,,,,,,,,,,,
415,,,10.0,1000000,,,,,,,,,,,,,,,,,,
416,100000.0,33.0,20.0,500000,303030.0,100000.0,33.0,1.0,,,,,,,,,100000.0,33.0,,,,
417,160000.0,30.0,20.0,800000,533333.0,160000.0,30.0,1.0,,,,,160000.0,30.0,,,,,,,,
418,100000.0,20.0,5.0,2000000,500000.0,50000.0,10.0,2.0,,,,,50000.0,10.0,,,,,,,50000.0,10.0
419,,,15.0,666667,,,,,,,,,,,,,,,,,,
420,500000.0,33.0,30.0,1666667,1515152.0,500000.0,33.0,1.0,,,,,500000.0,33.0,,,,,,,,
421,500000.0,30.0,20.0,2500000,1666667.0,500000.0,30.0,1.0,,,500000.0,30.0,,,,,,,,,,
422,2500000.0,10.0,10.0,25000000,25000000.0,2500000.0,10.0,1.0,,,,,,,,,,,2500000.0,10.0,,
423,,,20.0,625000,,,,,,,,,,,,,,,,,,
424,100000.0,49.0,10.0,500000,204082.0,100000.0,49.0,1.0,100000.0,49.0,,,,,,,,,,,,
425,25000.0,25.0,20.0,100000,100000.0,12500.0,12.5,2.0,12500.0,12.5,12500.0,12.5,,,,,,,,,,
426,150000.0,15.0,10.0,1500000,1000000.0,75000.0,7.5,2.0,,,,,75000.0,7.5,75000.0,7.5,,,,,,
427,,,20.0,375000,,,,,,,,,,,,,,,,,,
428,275000.0,25.0,11.0,2500000,1100000.0,275000.0,25.0,1.0,,,,,275000.0,25.0,,,,,,,,
429,250000.0,12.0,10.0,2500000,2083333.0,250000.0,12.0,1.0,,,,,,,250000.0,12.0,,,,,,
430,,,20.0,500000,,,,,,,,,,,,,,,,,,
431,,,5.0,10000000,,,,,,,,,,,,,,,,,,
432,200000.0,100.0,30.0,333333,200000.0,200000.0,100.0,1.0,,,200000.0,100.0,,,,,,,,,,
433,75000.0,33.0,15.0,500000,227273.0,75000.0,33.0,1.0,,,,,75000.0,33.0,,,,,,,,
434,150000.0,20.0,20.0,750000,750000.0,150000.0,20.0,1.0,150000.0,20.0,,,,,,,,,,,,
435,,,10.0,500000,,,,,,,,,,,,,,,,,,
436,100000.0,35.0,20.0,500000,285714.0,100000.0,35.0,1.0,,,,,,,,,100000.0,35.0,,,,
437,350000.0,10.0,8.0,3125000,3500000.0,350000.0,10.0,1.0,,,,,,,350000.0,10.0,,,,,,
438,,,6.0,6000000,,,,,,,,,,,,,,,,,,
439,,,10.0,1000000,,,,,,,,,,,,,,,,,,
440,300000.0,10.0,10.0,3000000,3000000.0,300000.0,10.0,1.0,,,,,,,,,,,300000.0,10.0,,
441,300000.0,10.0,7.5,4000000,3000000.0,300000.0,10.0,1.0,,,,,300000.0,10.0,,,,,,,,
442,,,20.0,1000000,,,,,,,,,,,,,,,,,,
443,,,5.0,1000000,,,,,,,,,,,,,,,,,,
444,150000.0,20.0,10.0,1500000,750000.0,75000.0,10.0,2.0,75000.0,10.0,75000.0,10.0,,,,,,,,,,
445,110000.0,10.0,15.0,733333,1100000.0,110000.0,10.0,1.0,,,,,,,110000.0,10.0,,,,,,
446,,,20.0,375000,,,,,,,,,,,,,,,,,,
447,,,10.0,2500000,,,,,,,,,,,,,,,,,,
448,50000.0,35.0,15.0,333333,142857.0,50000.0,35.0,1.0,,,,,,,,,50000.0,35.0,,,,
449,75000.0,25.0,20.0,375000,300000.0,75000.0,25.0,1.0,,,,,75000.0,25.0,,,,,,,,
450,,,20.0,625000,,,,,,,,,,,,,,,,,,
451,,,5.0,15000000,,,,,,,,,,,,,,,,,,
452,80000.0,25.0,20.0,400000,320000.0,80000.0,25.0,1.0,80000.0,25.0,,,,,,,,,,,,
453,60000.0,25.0,15.0,400000,240000.0,60000.0,25.0,1.0,,,,,,,60000.0,25.0,,,,,,
454,,,10.0,3000000,,,,,,,,,,,,,,,,,,
455,,,5.0,5000000,,,,,,,,,,,,,,,,,,
456,300000.0,15.0,10.0,2000000,2000000.0,300000.0,15.0,1.0,,,300000.0,15.0,,,,,,,,,,
457,40000.0,15.0,15.0,266667,266667.0,20000.0,7.5,2.0,,,,,20000.0,7.5,,,20000.0,7.5,,,,
458,750000.0,13.0,10.0,7500000,5769231.0,750000.0,13.0,1.0,,,,,,,750000.0,13.0,,,,,,
459,,,15.0,733333,,,,,,,,,,,,,,,,,,
460,125000.0,25.0,10.0,1250000,500000.0,125000.0,25.0,1.0,,,125000.0,25.0,,,,,,,,,,
461,,,15.0,1333333,,,,,,,,,,,,,,,,,,
462,100000.0,20.0,20.0,500000,500000.0,50000.0,10.0,2.0,50000.0,10.0,,,,,,,,,50000.0,10.0,,
463,75000.0,20.0,10.0,750000,375000.0,75000.0,20.0,1.0,,,,,75000.0,20.0,,,,,,,,
464,150000.0,25.0,20.0,750000,600000.0,150000.0,25.0,1.0,,,150000.0,25.0,,,,,,,,,,
465,650000.0,5.0,5.0,13000000,13000000.0,325000.0,2.5,2.0,,,325000.0,2.5,,,,,325000.0,2.5,,,,
466,75000.0,25.0,12.0,625000,300000.0,75000.0,25.0,1.0,,,,,,,,,75000.0,25.0,,,,
467,,,5.0,10000000,,,,,,,,,,,,,,,,,,
468,60000.0,25.0,10.0,600000,240000.0,60000.0,25.0,1.0,,,,,,,,,60000.0,25.0,,,,
469,,,13.5,14814815,,,,,,,,,,,,,,,,,,
470,,,20.0,750000,,,,,,,,,,,,,,,,,,
471,,,5.0,5000000,,,,,,,,,,,,,,,,,,
472,,,5.0,2000000,,,,,,,,,,,,,,,,,,
473,,,10.0,4000000,,,,,,,,,,,,,,,,,,
474,100000.0,28.0,20.0,500000,357143.0,100000.0,28.0,1.0,,,,,100000.0,28.0,,,,,,,,
475,,,15.0,1333333,,,,,,,,,,,,,,,,,,
476,150000.0,25.0,20.0,750000,600000.0,150000.0,25.0,1.0,150000.0,25.0,,,,,,,,,,,,
477,500000.0,12.0,5.0,10000000,4166667.0,500000.0,12.0,1.0,,,500000.0,12.0,,,,,,,,,,
478,,,10.0,3500000,,,,,,,,,,,,,,,,,,
479,600000.0,35.0,25.0,2400000,1714286.0,200000.0,11.66666667,3.0,,,200000.0,11.66666667,,,200000.0,11.66666667,,,200000.0,11.66666667,,
480,725000.0,17.5,10.0,7250000,4142857.0,362500.0,8.75,2.0,,,,,362500.0,8.75,362500.0,8.75,,,,,,
481,,,18.0,666667,,,,,,,,,,,,,,,,,,
482,,,8.0,2500000,,,,,,,,,,,,,,,,,,
483,200000.0,30.0,10.0,1000000,666667.0,100000.0,15.0,2.0,,,100000.0,15.0,,,,,100000.0,15.0,,,,
484,5000000.0,50.0,50.0,10000000,10000000.0,5000000.0,50.0,1.0,,,,,,,5000000.0,50.0,,,,,,
485,,,20.0,750000,,,,,,,,,,,,,,,,,,
486,50000.0,33.0,20.0,375000,151515.0,50000.0,33.0,1.0,,,50000.0,33.0,,,,,,,,,,
487,,,3.5,4285714,,,,,,,,,,,,,,,,,,
488,100000.0,33.0,20.0,500000,303030.0,100000.0,33.0,1.0,100000.0,33.0,,,,,,,,,,,,
489,,,15.0,2666667,,,,,,,,,,,,,,,,,,
490,3000000.0,25.0,10.0,30000000,12000000.0,3000000.0,25.0,1.0,,,,,,,3000000.0,25.0,,,,,,
491,100000.0,10.0,10.0,1000000,1000000.0,100000.0,10.0,1.0,,,100000.0,10.0,,,,,,,,,,
492,225000.0,7.5,5.0,2000000,3000000.0,75000.0,2.5,3.0,,,75000.0,2.5,,,75000.0,2.5,,,,,75000.0,2.5
493,,,20.0,500000,,,,,,,,,,,,,,,,,,
494,300000.0,20.0,10.0,3000000,1500000.0,300000.0,20.0,1.0,,,300000.0,20.0,,,,,,,,,,
495,500000.0,20.0,10.0,5000000,2500000.0,500000.0,20.0,1.0,,,,,,,,,500000.0,20.0,,,,
496,200000.0,30.0,20.0,1000000,666667.0,100000.0,15.0,2.0,100000.0,15.0,,,,,,,,,,,100000.0,15.0
497,,,3.5,28571429,,,,,,,,,,,,,,,,,,
498,,,15.0,666667,,,,,,,,,,,,,,,,,,
499,200000.0,25.0,12.5,1600000,800000.0,100000.0,12.5,2.0,,,,,100000.0,12.5,100000.0,12.5,,,,,,
500,50000.0,20.0,10.0,500000,250000.0,25000.0,10.0,2.0,,,,,25000.0,10.0,25000.0,10.0,,,,,,
501,,,10.0,2000000,,,,,,,,,,,,,,,,,,
502,,,20.0,1500000,,,,,,,,,,,,,,,,,,
503,600000.0,25.0,10.0,1500000,2400000.0,300000.0,12.5,2.0,300000.0,12.5,300000.0,12.5,,,,,,,,,,
504,250000.0,20.0,10.0,2500000,1250000.0,125000.0,10.0,2.0,,,125000.0,10.0,,,,,,,,,125000.0,10.0
505,,,20.0,1500000,,,,,,,,,,,,,,,,,,
506,150000.0,17.5,10.0,1500000,857143.0,75000.0,8.75,2.0,,,,,,,,,75000.0,8.75,,,75000.0,8.75
507,,,20.0,400000,,,,,,,,,,,,,,,,,,
508,250000.0,20.0,10.0,2000000,1250000.0,250000.0,20.0,1.0,,,,,250000.0,20.0,,,,,,,,
509,,,15.0,333333,,,,,,,,,,,,,,,,,,
510,,,20.0,500000,,,,,,,,,,,,,,,,,,
511,300000.0,25.0,10.0,3000000,1200000.0,300000.0,25.0,1.0,,,300000.0,25.0,,,,,,,,,,
512,100000.0,15.0,15.0,666667,666667.0,100000.0,15.0,1.0,,,,,,,,,100000.0,15.0,,,,
513,,,20.0,1000000,,,,,,,,,,,,,,,,,,
514,,,25.0,220000,,,,,,,,,,,,,,,,,,
515,1500000.0,25.0,20.0,2500000,6000000.0,300000.0,5.0,5.0,,,300000.0,5.0,300000.0,5.0,300000.0,5.0,300000.0,5.0,300000.0,5.0,,
516,200000.0,10.0,10.0,2000000,2000000.0,100000.0,5.0,2.0,,,100000.0,5.0,,,,,,,,,100000.0,5.0
517,,,10.0,3000000,,,,,,,,,,,,,,,,,,
518,200000.0,5.0,8.0,2500000,4000000.0,200000.0,5.0,1.0,,,,,200000.0,5.0,,,,,,,,
519,200000.0,20.0,15.0,1000000,1000000.0,200000.0,20.0,1.0,,,,,200000.0,20.0,,,,,,,,
520,,,15.0,2000000,,,,,,,,,,,,,,,,,,
521,200000.0,40.0,10.0,2000000,500000.0,200000.0,40.0,1.0,200000.0,40.0,,,,,,,,,,,,
522,,,10.0,3000000,,,,,,,,,,,,,,,,,,
523,125000.0,20.0,15.0,833333,625000.0,62500.0,10.0,2.0,,,,,62500.0,10.0,,,,,62500.0,10.0,,
524,,,20.0,500000,,,,,,,,,,,,,,,,,,
525,150000.0,15.0,10.0,1500000,1000000.0,150000.0,15.0,1.0,,,150000.0,15.0,,,,,,,,,,
526,85000.0,35.0,20.0,425000,242857.0,85000.0,35.0,1.0,,,,,85000.0,35.0,,,,,,,,
527,1000000.0,20.0,10.0,5000000,5000000.0,500000.0,10.0,2.0,,,500000.0,10.0,,,500000.0,10.0,,,,,,
528,,,10.0,1600000,,,,,,,,,,,,,,,,,,
529,200000.0,16.5,10.0,2000000,1212121.0,200000.0,16.5,1.0,,,,,200000.0,16.5,,,,,,,,
530,150000.0,20.0,15.0,1000000,750000.0,75000.0,10.0,2.0,,,75000.0,10.0,75000.0,10.0,,,,,,,,
531,50000.0,30.0,20.0,250000,166667.0,50000.0,30.0,1.0,,,,,,,,,50000.0,30.0,,,,
532,,,20.0,600000,,,,,,,,,,,,,,,,,,
533,425000.0,25.0,10.0,4250000,1700000.0,425000.0,25.0,1.0,,,,,,,425000.0,25.0,,,,,,
534,250000.0,30.0,20.0,1250000,833333.0,83333.33333,10.0,3.0,,,,,83333.33333,10.0,83333.33333,10.0,,,83333.33333,10.0,,
535,1400000.0,5.0,5.0,28000000,28000000.0,700000.0,2.5,2.0,,,700000.0,2.5,700000.0,2.5,,,,,,,,
536,225000.0,50.0,25.0,900000,450000.0,225000.0,50.0,1.0,,,,,,,,,,,225000.0,50.0,,
537,,,25.0,1000000,,,,,,,,,,,,,,,,,,
538,300000.0,15.0,10.0,3000000,2000000.0,300000.0,15.0,1.0,,,,,,,,,,,300000.0,15.0,,
539,50000.0,25.0,10.0,500000,200000.0,50000.0,25.0,1.0,50000.0,25.0,,,,,,,,,,,,
540,120000.0,42.0,40.0,300000,285714.0,120000.0,42.0,1.0,,,,,,,,,120000.0,42.0,,,,
541,150000.0,20.0,15.0,1000000,750000.0,75000.0,10.0,2.0,,,75000.0,10.0,,,,,,,75000.0,10.0,,
542,,,25.0,200000,,,,,,,,,,,,,,,,,,
543,300000.0,10.0,7.0,4285714,3000000.0,300000.0,10.0,1.0,,,,,300000.0,10.0,,,,,,,,
544,,,20.0,500000,,,,,,,,,,,,,,,,,,
545,100000.0,10.0,5.0,1000000,1000000.0,100000.0,10.0,1.0,,,,,,,100000.0,10.0,,,,,,
546,60000.0,50.0,20.0,250000,120000.0,60000.0,50.0,1.0,60000.0,50.0,,,,,,,,,,,,
547,,,5.0,20000000,,,,,,,,,,,,,,,,,,
548,700000.0,7.0,5.0,14000000,10000000.0,700000.0,7.0,1.0,,,700000.0,7.0,,,,,,,,,,
549,250000.0,3.3,2.5,10000000,7500000.0,250000.0,3.3,1.0,,,,,,,,,,,,,250000.0,3.3
550,,,10.0,1250000,,,,,,,,,,,,,,,,,,
551,100000.0,45.0,20.0,500000,222222.0,100000.0,45.0,1.0,,,,,100000.0,45.0,,,,,,,,
552,250000.0,33.3,20.0,1250000,750000.0,250000.0,33.3,1.0,,,,,,,,,250000.0,33.3,,,,
553,,,20.0,1000000,,,,,,,,,,,,,,,,,,
554,,,5.0,1000000,,,,,,,,,,,,,,,,,,
555,250000.0,20.0,10.0,2500000,1250000.0,250000.0,20.0,1.0,,,250000.0,20.0,,,,,,,,,,
556,100000.0,20.0,20.0,500000,500000.0,100000.0,20.0,1.0,,,100000.0,20.0,,,,,,,,,,
557,,,5.0,10000000,,,,,,,,,,,,,,,,,,
558,,,20.0,750000,,,,,,,,,,,,,,,,,,
559,300000.0,30.0,10.0,1500000,1000000.0,100000.0,10.0,3.0,,,100000.0,10.0,100000.0,10.0,,,100000.0,10.0,,,,
560,,,15.0,6666667,,,,,,,,,,,,,,,,,,
561,210000.0,30.0,10.0,1000000,700000.0,70000.0,10.0,3.0,70000.0,10.0,70000.0,10.0,,,,,,,,,70000.0,10.0
562,,,20.0,750000,,,,,,,,,,,,,,,,,,
563,,,10.0,25000000,,,,,,,,,,,,,,,,,,
564,1500000.0,10.0,8.0,18750000,15000000.0,1500000.0,10.0,1.0,,,1500000.0,10.0,,,,,,,,,,
565,,,15.0,10000000,,,,,,,,,,,,,,,,,,
566,,,25.0,800000,,,,,,,,,,,,,,,,,,
567,100000.0,25.0,20.0,500000,400000.0,100000.0,25.0,1.0,,,100000.0,25.0,,,,,,,,,,
568,300000.0,30.0,10.0,3000000,1000000.0,150000.0,15.0,2.0,,,150000.0,15.0,150000.0,15.0,,,,,,,,
569,,,10.0,4000000,,,,,,,,,,,,,,,,,,
570,80000.0,20.0,10.0,800000,400000.0,80000.0,20.0,1.0,,,,,,,,,,,80000.0,20.0,,
571,200000.0,15.0,10.0,2000000,1333333.0,200000.0,15.0,1.0,,,,,,,200000.0,15.0,,,,,,
572,750000.0,8.0,7.5,10000000,10000000.0,750000.0,8.0,1.0,,,,,750000.0,8.0,,,,,,,,
573,100000.0,30.0,15.0,666667,333333.0,100000.0,30.0,1.0,100000.0,30.0,,,,,,,,,,,,
574,,,10.0,2500000,,,,,,,,,,,,,,,,,,
575,,,10.0,500000,,,,,,,,,,,,,,,,,,
576,,,16.0,2500000,,,,,,,,,,,,,,,,,,
577,,,5.0,3500000,,,,,,,,,,,,,,,,,,
578,100000.0,25.0,15.0,666667,400000.0,100000.0,25.0,1.0,,,,,,,,,,,100000.0,25.0,,
579,250000.0,12.5,5.0,5000000,2000000.0,250000.0,12.5,1.0,,,,,,,,,,,250000.0,12.5,,
580,100000.0,25.0,10.0,1000000,400000.0,100000.0,25.0,1.0,,,100000.0,25.0,,,,,,,,,,
581,2000000.0,10.0,12.5,16000000,20000000.0,1000000.0,5.0,2.0,,,,,1000000.0,5.0,,,,,1000000.0,5.0,,
582,,,20.0,500000,,,,,,,,,,,,,,,,,,
583,500000.0,3.0,5.0,10000000,16666667.0,500000.0,3.0,1.0,,,,,500000.0,3.0,,,,,,,,
584,200000.0,20.0,10.0,2000000,1000000.0,100000.0,10.0,2.0,,,,,100000.0,10.0,100000.0,10.0,,,,,,
585,166666.0,33.3,10.0,1000000,499998.0,166666.0,33.3,1.0,,,,,,,166666.0,33.3,,,,,,
586,,,15.0,166667,,,,,,,,,,,,,,,,,,
587,500000.0,15.0,10.0,5000000,3333333.0,500000.0,15.0,1.0,,,,,500000.0,15.0,,,,,,,,
588,300000.0,20.0,10.0,3000000,1500000.0,150000.0,10.0,2.0,,,,,150000.0,10.0,,,,,150000.0,10.0,,
589,,,7.6,13157895,,,,,,,,,,,,,,,,,,
590,,,5.0,10000000,,,,,,,,,,,,,,,,,,
591,200000.0,22.0,15.0,1333333,909091.0,100000.0,11.0,2.0,,,100000.0,11.0,,,,,,,,,100000.0,11.0
592,50000.0,33.3,20.0,250000,150150.0,50000.0,33.3,1.0,50000.0,33.3,,,,,,,,,,,,
593,,,40.0,1875000,,,,,,,,,,,,,,,,,,
594,,,20.0,2500000,,,,,,,,,,,,,,,,,,
595,,,10.0,4000000,,,,,,,,,,,,,,,,,,
596,,,10.0,1000000,,,,,,,,,,,,,,,,,,
597,,,20.0,2000000,,,,,,,,,,,,,,,,,,
598,,,10.0,2000000,,,,,,,,,,,,,,,,,,
599,600000.0,6.7,4.0,10000000,8995502.0,300000.0,3.35,2.0,,,300000.0,3.35,,,,,,,,,300000.0,3.35
600,75000.0,25.0,20.0,375000,300000.0,75000.0,25.0,1.0,75000.0,25.0,,,,,,,,,,,,
601,200000.0,22.5,10.0,2000000,888889.0,200000.0,22.5,1.0,200000.0,22.5,,,,,,,,,,,,
602,,,20.0,250000,,,,,,,,,,,,,,,,,,
603,400000.0,16.0,16.0,2500000,2500000.0,200000.0,8.0,2.0,200000.0,8.0,200000.0,8.0,,,,,,,,,,
604,,,7.5,4000000,,,,,,,,,,,,,,,,,,
605,50000.0,33.3,20.0,250000,150000.0,50000.0,33.3,1.0,,,,,,,,,50000.0,33.3,,,,
606,,,15.0,666667,,,,,,,,,,,,,,,,,,
607,200000.0,25.0,10.0,2000000,800000.0,200000.0,25.0,1.0,,,,,,,,,200000.0,25.0,,,,
608,100000.0,10.0,10.0,1000000,1000000.0,100000.0,10.0,1.0,100000.0,10.0,,,,,,,,,,,,
609,,,20.0,250000,,,,,,,,,,,,,,,,,,
610,225000.0,10.0,6.0,3333333,2250000.0,225000.0,10.0,1.0,,,,,,,,,,,225000.0,10.0,,
611,,,3.1,15923567,,,,,,,,,,,,,,,,,,
612,2000000.0,16.7,4.0,12500000,11997600.0,1000000.0,8.35,2.0,,,1000000.0,8.35,1000000.0,8.35,,,,,,,,
613,,,10.0,4000000,,,,,,,,,,,,,,,,,,
614,,,5.0,10000000,,,,,,,,,,,,,,,,,,
615,100000.0,20.0,20.0,500000,500000.0,50000.0,10.0,2.0,,,50000.0,10.0,50000.0,10.0,,,,,,,,
616,150000.0,30.0,20.0,750000,500000.0,150000.0,30.0,1.0,,,150000.0,30.0,,,,,,,,,,
617,100000.0,15.0,10.0,1000000,666667.0,100000.0,15.0,1.0,,,,,100000.0,15.0,,,,,,,,
618,,,10.0,10000000,,,,,,,,,,,,,,,,,,
619,150000.0,10.0,10.0,1500000,1500000.0,150000.0,10.0,1.0,,,,,,,150000.0,10.0,,,,,,
620,100000.0,50.0,20.0,500000,200000.0,100000.0,50.0,1.0,100000.0,50.0,,,,,,,,,,,,
621,,,20.0,250000,,,,,,,,,,,,,,,,,,
622,500000.0,5.0,5.0,10000000,10000000.0,500000.0,5.0,1.0,,,,,,,,,,,500000.0,5.0,,
623,200000.0,15.0,10.0,2500000,1333333.0,200000.0,15.0,1.0,,,,,,,200000.0,15.0,,,,,,
624,500000.0,20.0,10.0,5000000,2500000.0,500000.0,20.0,1.0,,,,,,,500000.0,20.0,,,,,,
625,,,10.0,10000000,,,,,,,,,,,,,,,,,,
626,500000.0,14.0,5.0,10000000,3571429.0,500000.0,14.0,1.0,,,,,500000.0,14.0,,,,,,,,
627,60000.0,33.3,20.0,275000,180000.0,30000.0,16.65,2.0,,,30000.0,16.65,,,,,30000.0,16.65,,,,
628,,,10.0,1000000,,,,,,,,,,,,,,,,,,
629,,,20.0,1000000,,,,,,,,,,,,,,,,,,
630,75000.0,25.0,12.0,625000,300000.0,75000.0,25.0,1.0,,,,,75000.0,25.0,,,,,,,,
631,100000.0,30.0,15.0,666667,333333.0,100000.0,30.0,1.0,,,,,100000.0,30.0,,,,,,,,
632,,,10.0,1500000,,,,,,,,,,,,,,,,,,
633,,,40.0,1250000,,,,,,,,,,,,,,,,,,
634,800000.0,33.3,10.0,8000000,2400000.0,800000.0,33.3,1.0,,,,,,,,,,,800000.0,33.3,,
635,50000.0,10.0,10.0,500000,500000.0,50000.0,10.0,1.0,,,,,,,,,,,50000.0,10.0,,
636,400000.0,20.0,10.0,4000000,2000000.0,400000.0,20.0,1.0,,,,,,,,,400000.0,20.0,,,,
637,500000.0,22.0,20.0,2500000,2272727.0,500000.0,22.0,1.0,,,500000.0,22.0,,,,,,,,,,
638,,,3.0,20000000,,,,,,,,,,,,,,,,,,
639,,,10.0,10000000,,,,,,,,,,,,,,,,,,
640,150000.0,10.0,5.0,2500000,1500000.0,150000.0,10.0,1.0,,,,,150000.0,10.0,,,,,,,,
641,50000.0,0.0,10.0,500000,0.0,50000.0,0.0,1.0,,,,,,,,,,,,,50000.0,0.0
642,600000.0,20.0,15.0,4000000,3000000.0,600000.0,20.0,1.0,600000.0,20.0,,,,,,,,,,,,
643,500000.0,10.0,10.0,5000000,5000000.0,250000.0,5.0,2.0,250000.0,5.0,,,,,,,,,250000.0,5.0,,
644,250000.0,15.0,10.0,2500000,1666667.0,250000.0,15.0,1.0,,,,,,,250000.0,15.0,,,,,,
645,,,5.0,10000000,,,,,,,,,,,,,,,,,,
646,,,5.0,10000000,,,,,,,,,,,,,,,,,,
647,120000.0,33.0,20.0,600000,363636.0,120000.0,33.0,1.0,,,,,,,,,120000.0,33.0,,,,
648,750000.0,4.0,4.0,18750000,18750000.0,375000.0,2.0,2.0,,,,,375000.0,2.0,,,,,375000.0,2.0,,
649,,,10.0,1000000,,,,,,,,,,,,,,,,,,
650,,,5.0,40000000,,,,,,,,,,,,,,,,,,
651,250000.0,10.0,5.0,5000000,2500000.0,250000.0,10.0,1.0,,,,,,,,,,,,,250000.0,10.0
652,150000.0,20.0,20.0,750000,750000.0,150000.0,20.0,1.0,,,,,150000.0,20.0,,,,,,,,
653,,,20.0,750000,,,,,,,,,,,,,,,,,,
654,150000.0,20.0,10.0,1500000,750000.0,150000.0,20.0,1.0,,,,,,,,,,,150000.0,20.0,,
655,300000.0,25.0,20.0,750000,1200000.0,300000.0,25.0,1.0,300000.0,25.0,,,,,,,,,,,,
656,,,15.0,2000000,,,,,,,,,,,,,,,,,,
657,,,10.0,1250000,,,,,,,,,,,,,,,,,,
658,,,20.0,1250000,,,,,,,,,,,,,,,,,,
659,200000.0,30.0,20.0,1000000,666667.0,200000.0,30.0,1.0,,,,,,,,,200000.0,30.0,,,,
660,75000.0,50.0,25.0,300000,150000.0,75000.0,50.0,1.0,75000.0,50.0,,,,,,,,,,,,
661,100000.0,50.0,20.0,500000,200000.0,100000.0,50.0,1.0,,,,,,,,,,,100000.0,50.0,,
662,,,20.0,1000000,,,,,,,,,,,,,,,,,,
663,,,10.0,1000000,,,,,,,,,,,,,,,,,,
664,100000.0,15.0,7.0,1428571,666667.0,100000.0,15.0,1.0,,,100000.0,15.0,,,,,,,,,,
665,,,20.0,500000,,,,,,,,,,,,,,,,,,
666,250000.0,8.3,6.0,4166667,3000000.0,250000.0,8.3,1.0,,,,,,,,,,,,,250000.0,8.3
667,,,5.0,10000000,,,,,,,,,,,,,,,,,,
668,50000.0,33.3,15.0,333333,150000.0,50000.0,33.3,1.0,,,,,,,,,50000.0,33.3,,,,
669,,,15.0,533333,,,,,,,,,,,,,,,,,,
670,250000.0,7.5,5.0,5000000,3333333.0,250000.0,7.5,1.0,,,,,,,,,250000.0,7.5,,,,
671,2350000.0,20.0,5.0,7000000,1750000.0,1175000.0,10.0,2.0,,,1175000.0,10.0,1175000.0,10.0,,,,,,,,
672,200000.0,15.0,10.0,1000000,1333333.0,200000.0,15.0,1.0,,,,,,,200000.0,15.0,,,,,,
673,75000.0,25.0,15.0,500000,300000.0,75000.0,25.0,1.0,,,,,,,75000.0,25.0,,,,,,
674,,,20.0,375000,,,,,,,,,,,,,,,,,,
675,250000.0,50.0,33.0,757576,500000.0,250000.0,50.0,1.0,,,,,250000.0,50.0,,,,,,,,
676,600000.0,5.0,2.5,10000000,12000000.0,300000.0,2.5,2.0,,,,,300000.0,2.5,,,,,,,300000.0,2.5
677,,,10.0,1500000,,,,,,,,,,,,,,,,,,
678,,,10.0,7500000,,,,,,,,,,,,,,,,,,
679,,,3.0,8333333,,,,,,,,,,,,,,,,,,
680,200000.0,15.0,8.0,2500000,1333333.0,200000.0,15.0,1.0,,,,,,,200000.0,15.0,,,,,,
681,,,5.0,7500000,,,,,,,,,,,,,,,,,,
682,300000.0,10.0,10.0,3000000,3000000.0,300000.0,10.0,1.0,,,300000.0,10.0,,,,,,,,,,
683,500000.0,17.5,10.0,5000000,2857143.0,500000.0,17.5,1.0,,,,,,,,,500000.0,17.5,,,,
684,75000.0,25.0,20.0,375000,300000.0,75000.0,25.0,1.0,,,,,75000.0,25.0,,,,,,,,
685,250000.0,10.0,10.0,2500000,2500000.0,250000.0,10.0,1.0,,,,,250000.0,10.0,,,,,,,,
686,,,8.0,4375000,,,,,,,,,,,,,,,,,,
687,300000.0,10.0,10.0,3000000,3000000.0,300000.0,10.0,1.0,,,,,,,,,,,300000.0,10.0,,
688,100000.0,20.0,10.0,1000000,500000.0,100000.0,20.0,1.0,,,,,,,,,,,100000.0,20.0,,
689,500000.0,20.0,10.0,5000000,2500000.0,500000.0,20.0,1.0,,,,,,,500000.0,20.0,,,,,,
690,,,12.5,600000,,,,,,,,,,,,,,,,,,
691,600000.0,15.0,10.0,6000000,4000000.0,600000.0,15.0,1.0,,,600000.0,15.0,,,,,,,,,,
692,100000.0,18.0,5.0,2000000,555556.0,100000.0,18.0,1.0,100000.0,18.0,,,,,,,,,,,,
693,,,5.0,7500000,,,,,,,,,,,,,,,,,,
694,,,8.0,3125000,,,,,,,,,,,,,,,,,,
695,500000.0,15.0,10.0,5000000,3333333.0,500000.0,15.0,1.0,,,500000.0,15.0,,,,,,,,,,
696,200000.0,33.3,13.0,1538462,600601.0,66666.66667,11.1,3.0,,,66666.66667,11.1,66666.66667,11.1,66666.66667,11.1,,,,,,
697,,,20.0,1000000,,,,,,,,,,,,,,,,,,
698,250000.0,33.3,20.0,1250000,750075.0,250000.0,33.3,1.0,,,,,,,,,250000.0,33.3,,,,
699,150000.0,10.0,5.0,3000000,1500000.0,150000.0,10.0,1.0,,,,,,,150000.0,10.0,,,,,,
700,700000.0,25.0,7.0,10000000,2800000.0,700000.0,25.0,1.0,,,,,,,700000.0,25.0,,,,,,
701,,,10.0,5000000,,,,,,,,,,,,,,,,,,
702,250000.0,15.0,5.0,5000000,1666667.0,250000.0,15.0,1.0,,,250000.0,15.0,,,,,,,,,,
703,75000.0,33.3,25.0,300000,225002.0,75000.0,33.3,1.0,,,,,75000.0,33.3,,,,,,,,
704,500000.0,10.0,10.0,5000000,5000000.0,500000.0,10.0,1.0,,,,,,,,,,,500000.0,10.0,,
705,,,10.0,4000000,,,,,,,,,,,,,,,,,,
706,,,30.0,100000,,,,,,,,,,,,,,,,,,
707,75000.0,30.0,10.0,750000,250000.0,37500.0,15.0,2.0,,,,,37500.0,15.0,,,,,37500.0,15.0,,
708,65000.0,20.0,15.0,400000,325000.0,65000.0,20.0,1.0,,,,,,,,,,,,,65000.0,20.0
709,,,20.0,2500000,,,,,,,,,,,,,,,,,,
710,175000.0,15.0,15.0,1166667,1166667.0,175000.0,15.0,1.0,,,,,,,,,,,,,175000.0,15.0
711,,,5.0,12000000,,,,,,,,,,,,,,,,,,
712,200000.0,10.0,5.0,2000000,2000000.0,200000.0,10.0,1.0,,,,,,,200000.0,10.0,,,,,,
713,1250000.0,15.0,5.0,25000000,8333333.0,1250000.0,15.0,1.0,,,,,,,,,,,,,1250000.0,15.0
714,300000.0,30.0,15.0,1333333,1000000.0,100000.0,10.0,3.0,,,100000.0,10.0,100000.0,10.0,,,,,,,100000.0,10.0
715,,,10.0,1000000,,,,,,,,,,,,,,,,,,
716,50000.0,20.0,10.0,500000,250000.0,50000.0,20.0,1.0,50000.0,20.0,,,,,,,,,,,,
717,500000.0,15.0,7.5,6666667,3333333.0,500000.0,15.0,1.0,,,,,,,500000.0,15.0,,,,,,
718,100000.0,25.0,10.0,1000000,400000.0,100000.0,25.0,1.0,100000.0,25.0,,,,,,,,,,,,
719,75000.0,45.0,30.0,250000,166667.0,75000.0,45.0,1.0,,,,,75000.0,45.0,,,,,,,,
720,600000.0,12.0,12.0,5000000,5000000.0,600000.0,12.0,1.0,,,600000.0,12.0,,,,,,,,,,
721,,,10.0,750000,,,,,,,,,,,,,,,,,,
722,150000.0,15.0,15.0,666667,1000000.0,75000.0,7.5,2.0,,,75000.0,7.5,,,,,,,,,75000.0,7.5
723,200000.0,10.0,10.0,2000000,2000000.0,200000.0,10.0,1.0,,,,,,,,,,,200000.0,10.0,,
724,150000.0,25.0,12.5,800000,600000.0,150000.0,25.0,1.0,,,150000.0,25.0,,,,,,,,,,
725,700000.0,20.0,10.0,3500000,3500000.0,700000.0,20.0,1.0,,,,,,,700000.0,20.0,,,,,,
726,,,20.0,400000,,,,,,,,,,,,,,,,,,
727,120000.0,33.3,15.0,800000,360000.0,120000.0,33.3,1.0,,,,,,,120000.0,33.3,,,,,,
728,500000.0,15.0,10.0,5000000,3333333.0,500000.0,15.0,1.0,,,,,500000.0,15.0,,,,,,,,
729,,,15.0,533333,,,,,,,,,,,,,,,,,,
730,300000.0,15.0,5.0,6000000,2000000.0,300000.0,15.0,1.0,,,,,,,,,,,300000.0,15.0,,
731,250000.0,20.0,10.0,2250000,1250000.0,125000.0,10.0,2.0,,,,,125000.0,10.0,,,,,,,125000.0,10.0
732,,,5.0,10000000,,,,,,,,,,,,,,,,,,
733,,,10.0,3500000,,,,,,,,,,,,,,,,,,
734,500000.0,2.0,2.0,25000000,25000000.0,500000.0,2.0,1.0,,,,,,,,,,,500000.0,2.0,,
735,500000.0,15.0,6.0,8333333,3333333.0,500000.0,15.0,1.0,,,500000.0,15.0,,,,,,,,,,
736,100000.0,25.0,25.0,400000,400000.0,50000.0,12.5,2.0,,,,,50000.0,12.5,,,,,,,50000.0,12.5
737,120000.0,20.0,10.0,850000,600000.0,120000.0,20.0,1.0,,,,,120000.0,20.0,,,,,,,,
738,,,10.0,8000000,,,,,,,,,,,,,,,,,,
739,150000.0,50.0,25.0,600000,300000.0,75000.0,25.0,2.0,,,,,,,,,,,75000.0,25.0,75000.0,25.0
740,500000.0,5.0,5.0,10000000,10000000.0,500000.0,5.0,1.0,,,,,500000.0,5.0,,,,,,,,
741,150000.0,14.0,5.0,3000000,1071429.0,75000.0,7.0,2.0,,,75000.0,7.0,75000.0,7.0,,,,,,,,
742,,,5.0,2000000,,,,,,,,,,,,,,,,,,
743,150000.0,15.0,10.0,1500000,1000000.0,75000.0,7.5,2.0,,,,,75000.0,7.5,,,,,,,75000.0,7.5
744,360000.0,30.0,10.0,2000000,1200000.0,120000.0,10.0,3.0,,,120000.0,10.0,120000.0,10.0,,,,,,,120000.0,10.0
745,200000.0,15.0,12.5,800000,1333333.0,200000.0,15.0,1.0,,,200000.0,15.0,,,,,,,,,,
746,,,5.0,10000000,,,,,,,,,,,,,,,,,,
747,200000.0,5.0,5.0,4000000,4000000.0,200000.0,5.0,1.0,,,,,,,,,200000.0,5.0,,,,
748,75000.0,25.0,25.0,300000,300000.0,75000.0,25.0,1.0,,,75000.0,25.0,,,,,,,,,,
749,300000.0,20.0,10.0,3000000,1500000.0,300000.0,20.0,1.0,,,,,,,,,300000.0,20.0,,,,
750,,,5.0,3500000,,,,,,,,,,,,,,,,,,
751,100000.0,25.0,5.0,2000000,400000.0,100000.0,25.0,1.0,,,100000.0,25.0,,,,,,,,,,
752,200000.0,10.0,5.0,4000000,2000000.0,200000.0,10.0,1.0,,,200000.0,10.0,,,,,,,,,,
753,,,10.0,1500000,,,,,,,,,,,,,,,,,,
754,1000000.0,5.0,5.0,20000000,20000000.0,1000000.0,5.0,1.0,,,,,1000000.0,5.0,,,,,,,,
755,300000.0,10.0,10.0,3000000,3000000.0,300000.0,10.0,1.0,,,300000.0,10.0,,,,,,,,,,
756,50000.0,20.0,20.0,250000,250000.0,50000.0,20.0,1.0,50000.0,20.0,,,,,,,,,,,,
757,,,20.0,500000,,,,,,,,,,,,,,,,,,
758,500000.0,100.0,15.0,2000000,500000.0,500000.0,100.0,1.0,,,,,,,500000.0,100.0,,,,,,
759,100000.0,18.0,10.0,1000000,555556.0,100000.0,18.0,1.0,100000.0,18.0,,,,,,,,,,,,
760,100000.0,10.0,10.0,1000000,1000000.0,50000.0,5.0,2.0,,,,,50000.0,5.0,,,,,50000.0,5.0,,
761,,,40.0,1250000,,,,,,,,,,,,,,,,,,
762,,,8.0,10000000,,,,,,,,,,,,,,,,,,
763,,,1.5,16666667,,,,,,,,,,,,,,,,,,
764,100000.0,20.0,5.0,2000000,500000.0,100000.0,20.0,1.0,100000.0,20.0,,,,,,,,,,,,
765,400000.0,15.0,5.0,8000000,2666667.0,400000.0,15.0,1.0,,,400000.0,15.0,,,,,,,,,,
766,,,15.0,500000,,,,,,,,,,,,,,,,,,
767,200000.0,25.0,20.0,1000000,800000.0,100000.0,12.5,2.0,,,100000.0,12.5,100000.0,12.5,,,,,,,,
768,150000.0,25.0,15.0,1000000,600000.0,150000.0,25.0,1.0,,,,,,,,,150000.0,25.0,,,,
769,499000.0,33.3,9.0,5544444,1497000.0,499000.0,33.3,1.0,,,,,,,499000.0,33.3,,,,,,
770,,,18.0,833333,,,,,,,,,,,,,,,,,,
771,100000.0,20.0,10.0,950000,500000.0,100000.0,20.0,1.0,,,100000.0,20.0,,,,,,,,,,
772,250000.0,10.0,6.3,4000000,2500000.0,125000.0,5.0,2.0,,,125000.0,5.0,,,,,,,,,125000.0,5.0
773,,,10.0,3000000,,,,,,,,,,,,,,,,,,
774,150000.0,20.0,10.0,1500000,750000.0,150000.0,20.0,1.0,,,,,,,,,150000.0,20.0,,,,
775,60000.0,35.0,20.0,300000,171429.0,60000.0,35.0,1.0,,,,,,,,,60000.0,35.0,,,,
776,150000.0,5.0,10.0,1500000,3000000.0,150000.0,5.0,1.0,,,,,,,,,,,150000.0,5.0,,
777,,,10.0,5000000,,,,,,,,,,,,,,,,,,
778,,,10.0,1000000,,,,,,,,,,,,,,,,,,
779,400000.0,25.0,10.0,4000000,1600000.0,400000.0,25.0,1.0,,,,,,,,,400000.0,25.0,,,,
780,250000.0,10.0,5.0,5000000,2500000.0,250000.0,10.0,1.0,,,,,,,,,,,250000.0,10.0,,
781,150000.0,25.0,10.0,1500000,600000.0,150000.0,25.0,1.0,,,150000.0,25.0,,,,,,,,,,
782,,,12.5,1600000,,,,,,,,,,,,,,,,,,
783,,,10.0,4600000,,,,,,,,,,,,,,,,,,
784,300000.0,20.0,15.0,2000000,1500000.0,300000.0,20.0,1.0,300000.0,20.0,,,,,,,,,,,,
785,,,10.0,3000000,,,,,,,,,,,,,,,,,,
786,250000.0,25.0,15.0,1666667,1000000.0,250000.0,25.0,1.0,,,250000.0,25.0,,,,,,,,,,
787,150000.0,30.0,15.0,1000000,500000.0,50000.0,10.0,3.0,,,50000.0,10.0,50000.0,10.0,,,,,,,50000.0,10.0
788,,,12.0,5000000,,,,,,,,,,,,,,,,,,
789,100000.0,25.0,20.0,250000,400000.0,100000.0,25.0,1.0,,,,,,,100000.0,25.0,,,,,,
790,,,20.0,750000,,,,,,,,,,,,,,,,,,
791,1000000.0,10.0,5.0,20000000,10000000.0,1000000.0,10.0,1.0,,,,,,,,,,,,,1000000.0,10.0
792,750000.0,5.0,5.0,15000000,15000000.0,750000.0,5.0,1.0,,,,,750000.0,5.0,,,,,,,,
793,400000.0,20.0,10.0,3000000,2000000.0,200000.0,10.0,2.0,200000.0,10.0,200000.0,10.0,,,,,,,,,,
794,500000.0,4.0,3.0,16666667,12500000.0,500000.0,4.0,1.0,,,500000.0,4.0,,,,,,,,,,
795,,,4.5,11111111,,,,,,,,,,,,,,,,,,
796,150000.0,10.0,7.0,5000000,1500000.0,150000.0,10.0,1.0,,,,,150000.0,10.0,,,,,,,,
797,100000.0,100.0,50.0,100000,100000.0,50000.0,50.0,2.0,,,50000.0,50.0,50000.0,50.0,,,,,,,,
798,,,5.0,5000000,,,,,,,,,,,,,,,,,,
799,250000.0,15.0,7.5,3333333,1666667.0,250000.0,15.0,1.0,,,,,,,250000.0,15.0,,,,,,
800,,,20.0,1000000,,,,,,,,,,,,,,,,,,
801,350000.0,15.0,10.0,3500000,2333333.0,350000.0,15.0,1.0,,,,,350000.0,15.0,,,,,,,,
802,300000.0,25.0,10.0,3000000,1200000.0,150000.0,12.5,2.0,,,150000.0,12.5,150000.0,12.5,,,,,,,,
803,,,10.0,4000000,,,,,,,,,,,,,,,,,,
804,,,5.0,12500000,,,,,,,,,,,,,,,,,,
805,100000.0,25.0,20.0,500000,400000.0,100000.0,25.0,1.0,,,,,,,,,,,,,100000.0,25.0
806,80000.0,20.0,15.0,533333,400000.0,80000.0,20.0,1.0,,,,,,,,,,,80000.0,20.0,,
807,,,5.0,20000000,,,,,,,,,,,,,,,,,,
808,150000.0,25.0,15.0,1000000,600000.0,150000.0,25.0,1.0,,,150000.0,25.0,,,,,,,,,,
809,,,10.0,3000000,,,,,,,,,,,,,,,,,,
810,200000.0,40.0,10.0,2000000,500000.0,200000.0,40.0,1.0,,,,,200000.0,40.0,,,,,,,,
811,250000.0,25.0,10.0,2500000,1000000.0,250000.0,25.0,1.0,,,,,250000.0,25.0,,,,,,,,
812,,,10.0,5000000,,,,,,,,,,,,,,,,,,
813,100000.0,50.0,10.0,1000000,200000.0,100000.0,50.0,1.0,,,,,,,,,,,100000.0,50.0,,
814,1500000.0,45.0,30.0,5000000,3333333.0,750000.0,22.5,2.0,,,,,750000.0,22.5,,,,,,,750000.0,22.5
815,100000.0,20.0,10.0,1000000,500000.0,20000.0,4.0,5.0,,,20000.0,4.0,20000.0,4.0,,,20000.0,4.0,20000.0,4.0,20000.0,4.0
816,500000.0,25.0,7.0,7142857,2000000.0,250000.0,12.5,2.0,,,250000.0,12.5,250000.0,12.5,,,,,,,,
817,,,10.0,3000000,,,,,,,,,,,,,,,,,,
818,250000.0,20.0,10.0,2500000,1250000.0,250000.0,20.0,1.0,,,,,,,,,,,,,250000.0,20.0
819,250000.0,25.0,10.0,2500000,1000000.0,250000.0,25.0,1.0,,,,,,,250000.0,25.0,,,,,,
820,,,25.0,1200000,,,,,,,,,,,,,,,,,,
821,320000.0,10.0,5.0,4000000,3200000.0,320000.0,10.0,1.0,,,320000.0,10.0,,,,,,,,,,
822,,,10.0,5000000,,,,,,,,,,,,,,,,,,
823,200000.0,10.0,10.0,3500000,2000000.0,100000.0,5.0,2.0,100000.0,5.0,,,,,,,,,,,100000.0,5.0
824,,,20.0,1000000,,,,,,,,,,,,,,,,,,
825,700000.0,40.0,10.0,2500000,1750000.0,350000.0,20.0,2.0,,,350000.0,20.0,,,,,,,,,350000.0,20.0
826,300000.0,25.0,10.0,3000000,1200000.0,300000.0,25.0,1.0,,,,,,,,,,,,,300000.0,25.0
827,1000000.0,5.0,5.0,20000000,20000000.0,500000.0,2.5,2.0,,,500000.0,2.5,500000.0,2.5,,,,,,,,
828,640000.0,25.0,8.0,8000000,2560000.0,640000.0,25.0,1.0,,,640000.0,25.0,,,,,,,,,,
829,50000.0,15.0,15.0,333333,333333.0,50000.0,15.0,1.0,50000.0,15.0,,,,,,,,,,,,
830,500000.0,33.3,20.0,2500000,15000000.0,500000.0,33.3,1.0,,,,,500000.0,33.3,,,,,,,,
831,200000.0,10.0,10.0,2000000,2000000.0,200000.0,10.0,1.0,200000.0,10.0,,,,,,,,,,,,
832,250000.0,5.0,10.0,2500000,5000000.0,250000.0,5.0,1.0,,,,,,,,,,,250000.0,5.0,,
833,500000.0,6.0,4.0,12500000,8333333.0,500000.0,6.0,1.0,,,,,,,,,,,,,500000.0,6.0
834,,,8.0,4687500,,,,,,,,,,,,,,,,,,
835,400000.0,25.0,10.0,4000000,1600000.0,400000.0,25.0,1.0,,,,,,,,,,,,,400000.0,25.0
836,3000000.0,100.0,5.0,3000000,3000000.0,3000000.0,100.0,1.0,,,,,,,,,3000000.0,100.0,,,,
837,,,8.0,6250000,,,,,,,,,,,,,,,,,,
838,50000.0,30.0,25.0,200000,166667.0,50000.0,30.0,1.0,,,50000.0,30.0,,,,,,,,,,
839,200000.0,20.0,10.0,2000000,1000000.0,200000.0,20.0,1.0,,,,,200000.0,20.0,,,,,,,,
840,150000.0,20.0,10.0,1500000,750000.0,150000.0,20.0,1.0,,,,,,,150000.0,20.0,,,,,,
841,,,10.0,3000000,,,,,,,,,,,,,,,,,,
842,50000.0,25.0,20.0,250000,200000.0,50000.0,25.0,1.0,,,,,50000.0,25.0,,,,,,,,
843,,,7.5,2666667,,,,,,,,,,,,,,,,,,
844,350000.0,25.0,25.0,1400000,1400000.0,350000.0,25.0,1.0,,,,,,,,,,,,,350000.0,25.0
845,200000.0,30.0,20.0,1000000,666667.0,200000.0,30.0,1.0,,,,,200000.0,30.0,,,,,,,,
846,200000.0,5.0,15.0,1333333,4000000.0,200000.0,5.0,1.0,,,,,200000.0,5.0,,,,,,,,
847,,,10.0,3000000,,,,,,,,,,,,,,,,,,
848,160000.0,12.5,5.0,3000000,1280000.0,160000.0,12.5,1.0,,,,,160000.0,12.5,,,,,,,,
849,,,10.0,1000000,,,,,,,,,,,,,,,,,,
850,200000.0,2.5,2.5,8000000,8000000.0,200000.0,2.5,1.0,,,,,,,,,,,200000.0,2.5,,
851,225000.0,25.0,15.0,1500000,900000.0,112500.0,12.5,2.0,,,112500.0,12.5,,,,,112500.0,12.5,,,,
852,,,5.0,5500000,,,,,,,,,,,,,,,,,,
853,100000.0,25.0,13.0,384615,400000.0,50000.0,12.5,2.0,,,50000.0,12.5,,,,,,,,,50000.0,12.5
854,150000.0,22.5,8.0,1875000,666667.0,75000.0,11.25,2.0,,,,,75000.0,11.25,,,,,,,75000.0,11.25
855,550000.0,25.0,15.0,3666667,2200000.0,550000.0,25.0,1.0,,,550000.0,25.0,,,,,,,,,,
856,,,10.0,4000000,,,,,,,,,,,,,,,,,,
857,50000.0,30.0,20.0,250000,166667.0,50000.0,30.0,1.0,,,,,,,,,,,,,50000.0,30.0
858,,,15.0,333333,,,,,,,,,,,,,,,,,,
859,80000.0,40.0,33.0,242424,200000.0,40000.0,20.0,2.0,,,40000.0,20.0,,,,,,,,,40000.0,20.0
860,150000.0,13.0,5.0,3000000,1153846.0,150000.0,13.0,1.0,,,,,,,,,,,150000.0,13.0,,
861,400000.0,20.0,10.0,2500000,2000000.0,400000.0,20.0,1.0,,,,,,,,,,,,,400000.0,20.0
862,,,4.0,5000000,,,,,,,,,,,,,,,,,,
863,,,10.0,4000000,,,,,,,,,,,,,,,,,,
864,500000.0,12.5,5.0,10000000,4000000.0,500000.0,12.5,1.0,,,,,,,,,,,,,500000.0,12.5
865,,,10.0,1500000,,,,,,,,,,,,,,,,,,
866,100000.0,33.3,20.0,500000,300300.0,100000.0,33.3,1.0,,,,,,,,,100000.0,33.3,,,,
867,550000.0,10.0,5.0,11000000,5500000.0,550000.0,10.0,1.0,,,550000.0,10.0,,,,,,,,,,
868,,,3.0,8333333,,,,,,,,,,,,,,,,,,
869,300000.0,15.0,8.0,2500000,2000000.0,300000.0,15.0,1.0,300000.0,15.0,,,,,,,,,,,,
870,100000.0,33.3,25.0,400000,300300.0,100000.0,33.3,1.0,,,100000.0,33.3,,,,,,,,,,
871,350000.0,35.0,10.0,3500000,1000000.0,350000.0,35.0,1.0,350000.0,35.0,,,,,,,,,,,,
872,,,8.0,25000000,,,,,,,,,,,,,,,,,,
873,,,6.0,8333333,,,,,,,,,,,,,,,,,,
874,100000.0,20.0,10.0,1000000,500000.0,100000.0,20.0,1.0,,,100000.0,20.0,,,,,,,,,,
875,600000.0,19.0,8.0,7500000,3157895.0,600000.0,19.0,1.0,,,,,,,,,,,600000.0,19.0,,
876,100000.0,40.0,20.0,500000,250000.0,50000.0,20.0,2.0,50000.0,20.0,,,,,,,,,,,50000.0,20.0
877,,,20.0,2500000,,,,,,,,,,,,,,,,,,
878,400000.0,20.0,10.0,4000000,2000000.0,400000.0,20.0,1.0,,,400000.0,20.0,,,,,,,,,,
879,,,10.0,5000000,,,,,,,,,,,,,,,,,,
880,400000.0,25.0,10.0,4000000,1600000.0,400000.0,25.0,1.0,400000.0,25.0,,,,,,,,,,,,
881,500000.0,14.0,3.5,14285714,3571429.0,500000.0,14.0,1.0,,,500000.0,14.0,,,,,,,,,,
882,,,15.0,1000000,,,,,,,,,,,,,,,,,,
883,500000.0,20.0,10.0,5000000,2500000.0,500000.0,20.0,1.0,,,500000.0,20.0,,,,,,,,,,
884,200000.0,0.0,15.0,1666667,0.0,200000.0,0.0,1.0,,,,,,,,,200000.0,0.0,,,,
885,250000.0,10.0,5.0,5000000,2500000.0,125000.0,5.0,2.0,,,,,,,125000.0,5.0,,,125000.0,5.0,,
886,,,20.0,400000,,,,,,,,,,,,,,,,,,
887,500000.0,10.0,5.0,5000000,5000000.0,500000.0,10.0,1.0,,,,,,,500000.0,10.0,,,,,,
888,150000.0,20.0,7.5,2000000,750000.0,150000.0,20.0,1.0,,,,,,,,,,,150000.0,20.0,,
889,45000.0,25.0,15.0,300000,180000.0,45000.0,25.0,1.0,,,,,,,45000.0,25.0,,,,,,
890,,,10.0,4500000,,,,,,,,,,,,,,,,,,
891,350000.0,25.0,10.0,3500000,1400000.0,350000.0,25.0,1.0,350000.0,25.0,,,,,,,,,,,,
892,250000.0,15.0,7.5,3333333,1666667.0,250000.0,15.0,1.0,,,250000.0,15.0,,,,,,,,,,
893,500000.0,10.0,5.0,10000000,5000000.0,500000.0,10.0,1.0,,,,,500000.0,10.0,,,,,,,,
894,100000.0,33.3,16.0,625000,300300.0,100000.0,33.3,1.0,,,,,,,,,,,100000.0,33.3,,
895,,,10.0,2500000,,,,,,,,,,,,,,,,,,
896,270000.0,3.0,2.0,13500000,9000000.0,270000.0,3.0,1.0,,,,,,,,,,,270000.0,3.0,,
897,500000.0,25.0,10.0,3000000,2000000.0,500000.0,25.0,1.0,,,,,,,,,,,,,500000.0,25.0
898,,,20.0,2500000,,,,,,,,,,,,,,,,,,
899,50000.0,50.0,50.0,100000,100000.0,50000.0,50.0,1.0,,,,,50000.0,50.0,,,,,,,,
900,1000000.0,6.25,5.0,20000000,16000000.0,1000000.0,6.25,1.0,,,,,,,,,,,1000000.0,6.25,,
901,,,10.0,5000000,,,,,,,,,,,,,,,,,,
902,750000.0,20.0,10.0,7500000,3750000.0,375000.0,10.0,2.0,,,375000.0,10.0,375000.0,10.0,,,,,,,,
903,,,20.0,1000000,,,,,,,,,,,,,,,,,,
904,600000.0,9.0,5.0,12000000,10000000.0,600000.0,9.0,1.0,,,600000.0,9.0,,,,,,,,,,
905,500000.0,15.0,7.0,7142857,3333333.0,166666.6667,5.0,3.0,,,,,166666.6667,5.0,166666.6667,5.0,,,166666.6667,5.0,,
906,,,10.0,1500000,,,,,,,,,,,,,,,,,,
907,125000.0,33.0,20.0,625000,378788.0,125000.0,33.0,1.0,,,,,,,,,125000.0,33.0,,,,
908,250000.0,5.0,2.5,10000000,5000000.0,250000.0,5.0,1.0,,,250000.0,5.0,,,,,,,,,,
909,150000.0,10.0,10.0,1500000,1500000.0,150000.0,10.0,1.0,,,,,150000.0,10.0,,,,,,,,
910,,,10.0,1500000,,,,,,,,,,,,,,,,,,
911,500000.0,20.0,15.0,2666667,2500000.0,250000.0,10.0,2.0,,,,,250000.0,10.0,,,,,,,250000.0,10.0
912,300000.0,13.0,8.0,3750000,2307692.0,300000.0,13.0,1.0,,,300000.0,13.0,,,,,,,,,,
913,150000.0,5.0,10.0,1500000,3000000.0,150000.0,5.0,1.0,,,,,150000.0,5.0,,,,,,,,
914,250000.0,20.0,10.0,2500000,1250000.0,250000.0,20.0,1.0,,,,,,,,,,,,,250000.0,20.0
915,,,20.0,750000,,,,,,,,,,,,,,,,,,
916,125000.0,5.0,5.0,2500000,2500000.0,125000.0,5.0,1.0,,,,,,,,,,,125000.0,5.0,,
917,,,10.0,3250000,,,,,,,,,,,,,,,,,,
918,300000.0,15.0,10.0,3000000,2000000.0,300000.0,15.0,1.0,,,,,,,300000.0,15.0,,,,,,
919,40000.0,30.0,15.0,266667,133333.0,20000.0,15.0,2.0,,,,,20000.0,15.0,,,,,20000.0,15.0,,
920,400000.0,22.0,10.0,4000000,1818182.0,400000.0,22.0,1.0,,,400000.0,22.0,,,,,,,,,,
921,150000.0,25.0,15.0,1000000,600000.0,150000.0,25.0,1.0,,,,,,,,,150000.0,25.0,,,,
922,,,15.0,1333333,,,,,,,,,,,,,,,,,,
923,250000.0,25.0,17.0,1470588,1000000.0,250000.0,25.0,1.0,,,250000.0,25.0,,,,,,,,,,
924,500000.0,5.0,2.0,25000000,10000000.0,250000.0,2.5,2.0,,,,,250000.0,2.5,,,,,,,250000.0,2.5
925,750000.0,5.0,4.0,18750000,15000000.0,750000.0,5.0,1.0,,,,,750000.0,5.0,,,,,,,,
926,250000.0,20.0,10.0,1000000,1250000.0,250000.0,20.0,1.0,,,250000.0,20.0,,,,,,,,,,
927,300000.0,22.5,15.0,2000000,1333333.0,300000.0,22.5,1.0,,,,,300000.0,22.5,,,,,,,,
928,,,7.0,2857143,,,,,,,,,,,,,,,,,,
929,150000.0,25.0,10.0,1500000,600000.0,150000.0,25.0,1.0,,,,,,,,,,,150000.0,25.0,,
930,,,10.0,4000000,,,,,,,,,,,,,,,,,,
931,150000.0,20.0,15.0,1000000,750000.0,150000.0,20.0,1.0,,,,,150000.0,20.0,,,,,,,,
932,400000.0,10.0,6.0,13333333,4000000.0,400000.0,10.0,1.0,,,,,400000.0,10.0,,,,,,,,
933,,,15.0,4000000,,,,,,,,,,,,,,,,,,
934,400000.0,20.0,20.0,2000000,2000000.0,400000.0,20.0,1.0,400000.0,20.0,,,,,,,,,,,,
935,,,20.0,625000,,,,,,,,,,,,,,,,,,
936,400000.0,5.0,10.0,4000000,8000000.0,400000.0,5.0,1.0,,,,,,,,,,,400000.0,5.0,,
937,,,10.0,1000000,,,,,,,,,,,,,,,,,,
938,35000.0,25.0,15.0,200000,140000.0,17500.0,12.5,2.0,,,,,17500.0,12.5,,,17500.0,12.5,,,,
939,100000.0,33.0,20.0,500000,303030.0,100000.0,33.0,1.0,,,100000.0,33.0,,,,,,,,,,
940,,,5.0,7000000,,,,,,,,,,,,,,,,,,
941,500000.0,25.0,7.0,3571429,2000000.0,250000.0,12.5,2.0,250000.0,12.5,250000.0,12.5,,,,,,,,,,
942,350000.0,10.0,7.0,5000000,3500000.0,350000.0,10.0,1.0,,,350000.0,10.0,,,,,,,,,,
943,200000.0,30.0,20.0,1000000,666667.0,200000.0,30.0,1.0,200000.0,30.0,,,,,,,,,,,,
944,500000.0,8.0,2.5,20000000,6250000.0,500000.0,8.0,1.0,,,,,500000.0,8.0,,,,,,,,
945,900000.0,30.0,10.0,4000000,3000000.0,450000.0,15.0,2.0,,,450000.0,15.0,,,,,,,,,450000.0,15.0
946,,,10.0,5000000,,,,,,,,,,,,,,,,,,
947,100000.0,25.0,20.0,500000,400000.0,100000.0,25.0,1.0,,,100000.0,25.0,,,,,,,,,,
948,,,5.0,10000000,,,,,,,,,,,,,,,,,,
949,,,5.0,6500000,,,,,,,,,,,,,,,,,,
950,400000.0,10.0,10.0,4000000,400000.0,200000.0,5.0,2.0,,,,,200000.0,5.0,,,,,,,200000.0,5.0
951,180000.0,20.0,18.0,1000000,900000.0,180000.0,20.0,1.0,,,180000.0,20.0,,,,,,,,,,
952,,,5.0,6000000,,,,,,,,,,,,,,,,,,
953,,,8.0,2500000,,,,,,,,,,,,,,,,,,
954,120000.0,25.0,10.0,1200000,480000.0,120000.0,25.0,1.0,,,,,,,,,,,120000.0,25.0,,
955,100000.0,33.3,33.3,300300,300300.0,100000.0,33.3,1.0,100000.0,33.3,,,,,,,,,,,,
956,200000.0,8.0,10.0,2000000,1840000.0,200000.0,8.0,1.0,,,,,,,,,,,200000.0,8.0,,
957,150000.0,10.0,10.0,3000000,1500000.0,150000.0,10.0,1.0,150000.0,10.0,,,,,,,,,,,,
958,150000.0,25.0,10.0,1500000,600000.0,150000.0,25.0,1.0,,,150000.0,25.0,,,,,,,,,,
959,100000.0,33.0,14.0,714286,303030.0,33333.33333,11.0,3.0,,,33333.33333,11.0,33333.33333,11.0,,,,,,,33333.33333,11.0
960,1000000.0,10.0,8.0,12500000,11250000.0,1000000.0,10.0,1.0,,,,,,,,,,,1000000.0,10.0,,
961,150000.0,30.0,10.0,1500000,500000.0,75000.0,15.0,2.0,,,75000.0,15.0,75000.0,15.0,,,,,,,,
962,115000.0,15.0,15.0,766667,766667.0,115000.0,15.0,1.0,,,,,,,,,,,115000.0,15.0,,
963,125000.0,30.0,20.0,625000,416667.0,125000.0,30.0,1.0,,,,,125000.0,30.0,,,,,,,,
964,300000.0,20.0,10.0,3000000,1500000.0,300000.0,20.0,1.0,,,,,,,300000.0,20.0,,,,,,
965,,,10.0,1500000,,,,,,,,,,,,,,,,,,
966,200000.0,25.0,15.0,1333333,800000.0,200000.0,25.0,1.0,,,,,,,,,200000.0,25.0,,,,
967,,,20.0,500000,,,,,,,,,,,,,,,,,,
968,,,5.0,10000000,,,,,,,,,,,,,,,,,,
969,,,5.0,15000000,,,,,,,,,,,,,,,,,,
970,100000.0,25.0,10.0,1000000,400000.0,100000.0,25.0,1.0,,,,,,,,,,,100000.0,25.0,,
971,,,15.0,600000,,,,,,,,,,,,,,,,,,
972,,,10.0,2500000,,,,,,,,,,,,,,,,,,
973,,,12.0,416667,,,,,,,,,,,,,,,,,,
974,200000.0,30.0,15.0,1333333,666667.0,200000.0,30.0,1.0,200000.0,30.0,,,,,,,,,,,,
975,300000.0,15.0,15.0,2000000,666667.0,300000.0,15.0,1.0,300000.0,15.0,,,,,,,,,,,,
976,,,5.0,10000000,,,,,,,,,,,,,,,,,,
977,500000.0,20.0,8.0,6250000,2500000.0,500000.0,20.0,1.0,,,,,,,,,500000.0,20.0,,,,
978,100000.0,20.0,10.0,1000000,500000.0,50000.0,10.0,2.0,,,50000.0,10.0,50000.0,10.0,,,,,,,,
979,,,10.0,3000000,,,,,,,,,,,,,,,,,,
980,,,10.0,1000000,,,,,,,,,,,,,,,,,,
981,50000.0,20.0,15.0,333333,250000.0,50000.0,20.0,1.0,,,,,50000.0,20.0,,,,,,,,
982,100000.0,35.0,15.0,666667,285714.0,100000.0,35.0,1.0,,,,,,,100000.0,35.0,,,,,,
983,,,20.0,500000,,,,,,,,,,,,,,,,,,
984,,,5.0,10000000,,,,,,,,,,,,,,,,,,
985,300000.0,25.0,10.0,3000000,1200000.0,300000.0,25.0,1.0,,,,,,,,,,,300000.0,25.0,,
986,,,10.0,4000000,,,,,,,,,,,,,,,,,,
987,,,15.0,500000,,,,,,,,,,,,,,,,,,
988,1000000.0,25.0,7.0,5714286,4000000.0,1000000.0,25.0,1.0,,,,,,,,,,,,,1000000.0,25.0
989,100000.0,22.5,10.0,1000000,444444.0,100000.0,22.5,1.0,,,,,100000.0,22.5,,,,,,,,
990,500000.0,20.0,10.0,5000000,2500000.0,500000.0,20.0,1.0,,,,,,,500000.0,20.0,,,,,,
991,60000.0,20.0,10.0,600000,300000.0,60000.0,20.0,1.0,,,60000.0,20.0,,,,,,,,,,
992,200000.0,25.0,17.5,857143,800000.0,200000.0,25.0,1.0,,,,,,,,,,,,,200000.0,25.0
993,1000000.0,10.0,6.0,16666667,10000000.0,500000.0,5.0,2.0,,,500000.0,5.0,500000.0,5.0,,,,,,,,
994,,,10.0,3000000,,,,,,,,,,,,,,,,,,
995,,,4.0,15000000,,,,,,,,,,,,,,,,,,
996,500000.0,10.0,5.0,10000000,5000000.0,500000.0,10.0,1.0,,,,,,,,,,,,,500000.0,10.0
997,150000.0,20.0,10.0,1500000,750000.0,150000.0,20.0,1.0,150000.0,20.0,,,,,,,,,,,,
998,250000.0,0.0,12.0,2083333,0.0,250000.0,0.0,1.0,,,,,,,,,,,250000.0,0.0,,
999,400000.0,25.0,10.0,3000000,1600000.0,400000.0,25.0,1.0,,,400000.0,25.0,,,,,,,,,,
1000,300000.0,20.0,10.0,1500000,1500000.0,150000.0,10.0,2.0,,,150000.0,10.0,150000.0,10.0,,,,,,,,
1001,325000.0,10.0,10.0,3250000,3250000.0,325000.0,10.0,1.0,,,,,,,,,,,325000.0,10.0,,
1002,,,10.0,1250000,,,,,,,,,,,,,,,,,,
1003,900000.0,2.5,2.0,45000000,36000000.0,900000.0,2.5,1.0,,,,,900000.0,2.5,,,,,,,,
1004,250000.0,33.0,20.0,1250000,757576.0,250000.0,33.0,1.0,250000.0,33.0,,,,,,,,,,,,
1005,,,8.0,2500000,,,,,,,,,,,,,,,,,,
1006,100000.0,25.0,20.0,500000,400000.0,100000.0,25.0,1.0,,,,,,,,,100000.0,25.0,,,,
1007,100000.0,25.0,20.0,500000,400000.0,100000.0,25.0,1.0,,,,,100000.0,25.0,,,,,,,,
1008,250000.0,25.0,15.0,1666667,1000000.0,250000.0,25.0,1.0,,,,,,,,,,,,,250000.0,25.0
1009,,,10.0,2000000,,,,,,,,,,,,,,,,,,
1010,100000.0,25.0,15.0,666667,400000.0,50000.0,12.5,2.0,,,50000.0,12.5,50000.0,12.5,,,,,,,,
1011,750000.0,40.0,20.0,3750000,1875000.0,187500.0,10.0,4.0,,,187500.0,10.0,187500.0,10.0,187500.0,10.0,,,,,187500.0,10.0
1012,300000.0,18.0,10.0,3000000,1666667.0,300000.0,18.0,1.0,,,300000.0,18.0,,,,,,,,,,
1013,200000.0,40.0,20.0,1000000,500000.0,200000.0,40.0,1.0,,,,,,,,,200000.0,40.0,,,,
1014,,,10.0,2000000,,,,,,,,,,,,,,,,,,
1015,200000.0,25.0,10.0,2000000,800000.0,200000.0,25.0,1.0,,,,,,,,,,,200000.0,25.0,,
1016,150000.0,25.0,10.0,1500000,600000.0,75000.0,12.5,2.0,75000.0,12.5,75000.0,12.5,,,,,,,,,,
1017,200000.0,25.0,10.0,2000000,800000.0,200000.0,25.0,1.0,,,200000.0,25.0,,,,,,,,,,
1018,,,10.0,2000000,,,,,,,,,,,,,,,,,,
1019,100000.0,20.0,10.0,1000000,500000.0,100000.0,20.0,1.0,,,,,,,,,100000.0,20.0,,,,
1020,,,8.0,10000000,,,,,,,,,,,,,,,,,,
1021,200000.0,20.0,10.0,2000000,1000000.0,100000.0,10.0,2.0,,,100000.0,10.0,,,100000.0,10.0,,,,,,
1022,225000.0,40.0,15.0,1500000,562500.0,112500.0,20.0,2.0,112500.0,20.0,112500.0,20.0,,,,,,,,,,
1023,500000.0,25.0,10.0,5000000,2000000.0,500000.0,25.0,1.0,,,,,,,500000.0,25.0,,,,,,
1024,350000.0,30.0,20.0,1750000,1166667.0,350000.0,30.0,1.0,350000.0,30.0,,,,,,,,,,,,
1025,,,2.5,20000000,,,,,,,,,,,,,,,,,,
1026,,,10.0,500000,,,,,,,,,,,,,,,,,,
1027,600000.0,17.0,8.0,7500000,3529412.0,600000.0,17.0,1.0,,,600000.0,17.0,,,,,,,,,,
1028,200000.0,15.0,10.0,2000000,1333333.0,200000.0,15.0,1.0,,,,,,,,,,,,,200000.0,15.0
1029,,,5.0,5000000,,,,,,,,,,,,,,,,,,
1030,250000.0,30.0,10.0,2000000,833333.0,250000.0,30.0,1.0,250000.0,30.0,,,,,,,,,,,,
1031,180000.0,30.0,20.0,600000,600000.0,90000.0,15.0,2.0,,,90000.0,15.0,,,,,,,,,90000.0,15.0
1032,200000.0,10.0,5.0,4000000,2000000.0,200000.0,10.0,1.0,,,,,,,,,,,,,200000.0,10.0
1033,,,10.0,10000000,,,,,,,,,,,,,,,,,,
1034,200000.0,15.0,5.0,3000000,1333333.0,200000.0,15.0,1.0,,,,,,,200000.0,15.0,,,,,,
1035,120000.0,50.0,10.0,1200000,240000.0,60000.0,25.0,2.0,,,,,60000.0,25.0,,,,,60000.0,25.0,,
1036,150000.0,30.0,15.0,1000000,500000.0,150000.0,30.0,1.0,,,,,,,,,150000.0,30.0,,,,
1037,60000.0,25.0,20.0,300000,240000.0,60000.0,25.0,1.0,,,,,60000.0,25.0,,,,,,,,
1038,,,10.0,4000000,,,,,,,,,,,,,,,,,,
1039,300000.0,20.0,10.0,2500000,1500000.0,150000.0,10.0,2.0,150000.0,10.0,,,,,,,,,150000.0,10.0,,
1040,,,10.0,2120000,,,,,,,,,,,,,,,,,,
1041,125000.0,12.5,5.0,2500000,1000000.0,125000.0,12.5,1.0,,,,,125000.0,12.5,,,,,,,,
1042,50000.0,25.0,20.0,250000,200000.0,50000.0,25.0,1.0,,,50000.0,25.0,,,,,,,,,,
1043,300000.0,20.0,10.0,3000000,1500000.0,300000.0,20.0,1.0,,,,,,,,,300000.0,20.0,,,,
1044,,,5.0,10000000,,,,,,,,,,,,,,,,,,
1045,400000.0,5.0,5.0,8000000,8000000.0,400000.0,5.0,1.0,,,,,400000.0,5.0,,,,,,,,
1046,50000.0,5.0,30.0,166667,1000000.0,50000.0,5.0,1.0,,,,,,,,,,,,,50000.0,5.0
1047,100000.0,20.0,10.0,1000000,500000.0,100000.0,20.0,1.0,,,,,,,,,,,,,100000.0,20.0
1048,150000.0,18.0,10.0,1500000,833333.0,150000.0,18.0,1.0,,,,,150000.0,18.0,,,,,,,,
1049,300000.0,22.0,10.0,3000000,1363636.0,300000.0,22.0,1.0,,,300000.0,22.0,,,,,,,,,,
1050,,,5.0,3000000,,,,,,,,,,,,,,,,,,
1051,550000.0,11.0,4.0,10000000,5000000.0,550000.0,11.0,1.0,,,550000.0,11.0,,,,,,,,,,
1052,500000.0,10.0,7.0,7142857,5000000.0,250000.0,5.0,2.0,,,250000.0,5.0,250000.0,5.0,,,,,,,,
1053,300000.0,20.0,7.0,4285714,1500000.0,300000.0,20.0,1.0,,,,,,,300000.0,20.0,,,,,,
1054,,,25.0,100000,,,,,,,,,,,,,,,,,,
1055,,,5.0,5000000,,,,,,,,,,,,,,,,,,
1056,300000.0,10.0,5.0,5000000,3000000.0,150000.0,5.0,2.0,,,150000.0,5.0,,,,,,,,,150000.0,5.0
1057,,,15.0,1000000,,,,,,,,,,,,,,,,,,
1058,100000.0,35.0,10.0,1000000,285714.0,50000.0,17.5,2.0,,,,,,,50000.0,17.5,,,,,50000.0,17.5
1059,100000.0,25.0,10.0,1000000,400000.0,100000.0,25.0,1.0,,,,,100000.0,25.0,,,,,,,,
1060,1000000.0,7.0,5.0,20000000,14285714.0,1000000.0,7.0,1.0,,,1000000.0,7.0,,,,,,,,,,
1061,,,20.0,375000,,,,,,,,,,,,,,,,,,
1062,500000.0,12.0,5.0,10000000,4166667.0,500000.0,12.0,1.0,,,500000.0,12.0,,,,,,,,,,
1063,250000.0,15.0,10.0,2500000,1666667.0,250000.0,15.0,1.0,250000.0,15.0,,,,,,,,,,,,
1064,300000.0,6.0,3.0,10000000,5000000.0,300000.0,6.0,1.0,,,,,,,,,,,300000.0,6.0,,
1065,150000.0,25.0,15.0,1000000,600000.0,150000.0,25.0,1.0,,,,,,,150000.0,25.0,,,,,,
1066,,,7.0,2142857,,,,,,,,,,,,,,,,,,
1067,500000.0,8.0,10.0,5000000,6250000.0,250000.0,4.0,2.0,,,,,250000.0,4.0,250000.0,4.0,,,,,,
1068,100000.0,20.0,5.0,1500000,500000.0,100000.0,20.0,1.0,,,,,,,,,,,,,100000.0,20.0
1069,,,10.0,750000,,,,,,,,,,,,,,,,,,
1070,100000.0,33.3,20.0,500000,300300.0,100000.0,33.3,1.0,,,,,100000.0,33.3,,,,,,,,
1071,600000.0,15.0,10.0,6000000,4000000.0,600000.0,15.0,1.0,,,,,600000.0,15.0,,,,,,,,
1072,501000.0,18.0,5.0,10000000,2783333.0,501000.0,18.0,1.0,,,501000.0,18.0,,,,,,,,,,
1073,200000.0,15.0,10.0,2000000,1333333.0,200000.0,15.0,1.0,,,,,,,200000.0,15.0,,,,,,
1074,,,20.0,500000,,,,,,,,,,,,,,,,,,
1075,1000000.0,4.0,1.0,50000000,25000000.0,500000.0,2.0,2.0,,,,,500000.0,2.0,,,,,500000.0,2.0,,
1076,500000.0,15.0,5.0,10000000,3333333.0,500000.0,15.0,1.0,,,500000.0,15.0,,,,,,,,,,
1077,,,10.0,1000000,,,,,,,,,,,,,,,,,,
1078,,,10.0,1500000,,,,,,,,,,,,,,,,,,
1079,,,10.0,1500000,,,,,,,,,,,,,,,,,,
1080,250000.0,25.0,5.0,5000000,1000000.0,125000.0,12.5,2.0,125000.0,12.5,125000.0,12.5,,,,,,,,,,
1081,,,12.0,2500000,,,,,,,,,,,,,,,,,,
1082,200000.0,20.0,8.0,2500000,1000000.0,100000.0,10.0,2.0,,,,,100000.0,10.0,,,,,,,100000.0,10.0
1083,,,2.0,25000000,,,,,,,,,,,,,,,,,,
1084,,,5.0,8000000,,,,,,,,,,,,,,,,,,
1085,300000.0,25.0,10.0,3000000,1200000.0,300000.0,25.0,1.0,,,,,,,,,,,,,300000.0,25.0
1086,100000.0,22.5,20.0,1000000,444444.0,100000.0,22.5,1.0,,,,,,,,,,,,,100000.0,22.5
1087,100000.0,30.0,15.0,666667,333333.0,100000.0,30.0,1.0,,,,,,,100000.0,30.0,,,,,,
1088,500000.0,25.0,10.0,5000000,2000000.0,500000.0,25.0,1.0,,,500000.0,25.0,,,,,,,,,,
1089,600000.0,5.5,4.0,15000000,10909091.0,600000.0,5.5,1.0,,,,,,,600000.0,5.5,,,,,,
1090,200000.0,20.0,10.0,2000000,1000000.0,200000.0,20.0,1.0,,,,,,,,,200000.0,20.0,,,,
1091,300000.0,50.0,10.0,3000000,600000.0,300000.0,50.0,1.0,,,,,300000.0,50.0,,,,,,,,
1092,200000.0,30.0,10.0,2000000,666667.0,100000.0,15.0,2.0,,,,,100000.0,15.0,,,,,,,100000.0,15.0
1093,,,3.0,16666667,,,,,,,,,,,,,,,,,,
1094,,,15.0,1000000,,,,,,,,,,,,,,,,,,
1095,,,2.5,20000000,,,,,,,,,,,,,,,,,,
1096,500000.0,40.0,10.0,4000000,1250000.0,125000.0,10.0,4.0,,,125000.0,10.0,,,,,125000.0,10.0,125000.0,10.0,125000.0,10.0
1097,,,10.0,2000000,,,,,,,,,,,,,,,,,,
1098,400000.0,20.0,10.0,4000000,2000000.0,400000.0,20.0,1.0,,,400000.0,20.0,,,,,,,,,,
1099,,,15.0,2500000,,,,,,,,,,,,,,,,,,
1100,100000.0,20.0,8.0,1250000,500000.0,50000.0,10.0,2.0,50000.0,10.0,,,,,,,,,,,50000.0,10.0
1101,,,5.0,7500000,,,,,,,,,,,,,,,,,,
1102,75000.0,30.0,10.0,500000,250000.0,25000.0,10.0,3.0,,,25000.0,10.0,25000.0,10.0,,,,,25000.0,10.0,,
1103,500000.0,15.0,7.0,7142857,3333333.0,500000.0,15.0,1.0,,,,,500000.0,15.0,,,,,,,,
1104,1000000.0,6.5,2.5,20000000,15384615.0,1000000.0,6.5,1.0,,,,,,,1000000.0,6.5,,,,,,
1105,300000.0,30.0,20.0,1500000,1000000.0,300000.0,30.0,1.0,,,,,,,,,,,300000.0,30.0,,
1106,100000.0,10.0,10.0,1000000,1000000.0,100000.0,10.0,1.0,,,,,,,,,,,,,100000.0,10.0
1107,250000.0,17.5,10.0,2500000,1428571.0,125000.0,8.75,2.0,,,,,,,,,,,125000.0,8.75,125000.0,8.75
1108,200000.0,10.0,5.0,4000000,2000000.0,200000.0,10.0,1.0,,,,,,,200000.0,10.0,,,,,,
1109,200000.0,10.0,5.0,4000000,2000000.0,200000.0,10.0,1.0,,,,,,,,,,,200000.0,10.0,,
1110,,,20.0,750000,,,,,,,,,,,,,,,,,,
1111,300000.0,20.0,10.0,3000000,1500000.0,300000.0,20.0,1.0,,,,,,,,,300000.0,20.0,,,,
1112,200000.0,25.0,15.0,1333333,800000.0,200000.0,25.0,1.0,,,,,200000.0,25.0,,,,,,,,
1113,150000.0,30.0,10.0,1500000,500000.0,75000.0,15.0,2.0,,,,,,,,,,,75000.0,15.0,75000.0,15.0
1114,,,10.0,3000000,,,,,,,,,,,,,,,,,,
1115,300000.0,33.33,8.0,3750000,900090.0,150000.0,16.665,2.0,,,,,150000.0,16.665,150000.0,16.665,,,,,,
1116,500000.0,8.0,5.0,10000000,6250000.0,500000.0,8.0,1.0,,,,,,,,,,,,,500000.0,8.0
1117,500000.0,15.0,5.0,8000000,3333333.0,250000.0,7.5,2.0,,,,,250000.0,7.5,,,,,,,250000.0,7.5
1118,,,10.0,1500000,,,,,,,,,,,,,,,,,,
1119,150000.0,15.0,10.0,1500000,1000000.0,150000.0,15.0,1.0,150000.0,15.0,,,,,,,,,,,,
1120,200000.0,30.0,20.0,1000000,666667.0,200000.0,30.0,1.0,,,,,,,,,200000.0,30.0,,,,
1121,,,5.0,1800000,,,,,,,,,,,,,,,,,,
1122,125000.0,35.0,25.0,500000,357143.0,125000.0,35.0,1.0,125000.0,35.0,,,,,,,,,,,,
1123,,,30.0,500000,,,,,,,,,,,,,,,,,,
1124,500000.0,3.0,2.5,20000000,16666667.0,500000.0,3.0,1.0,,,500000.0,3.0,,,,,,,,,,
1125,250000.0,25.0,25.0,1000000,0.0,125000.0,12.5,2.0,,,125000.0,12.5,,,,,,,125000.0,12.5,,
1126,,,10.0,2000000,,,,,,,,,,,,,,,,,,
1127,200000.0,30.0,10.0,2000000,666667.0,200000.0,30.0,1.0,,,,,,,,,200000.0,30.0,,,,
1128,200000.0,20.0,10.0,2000000,1000000.0,100000.0,10.0,2.0,,,,,100000.0,10.0,,,,,,,100000.0,10.0
1129,,,2.5,20000000,,,,,,,,,,,,,,,,,,
1130,,,15.0,3333333,,,,,,,,,,,,,,,,,,
1131,500000.0,30.0,5.0,10000000,1666667.0,250000.0,15.0,2.0,,,250000.0,15.0,,,,,,,,,250000.0,15.0
1132,350000.0,2.5,2.5,14000000,14000000.0,350000.0,2.5,1.0,,,,,,,,,,,350000.0,2.5,,
1133,,,7.5,8000000,,,,,,,,,,,,,,,,,,
1134,,,5.0,4000000,,,,,,,,,,,,,,,,,,
1135,200000.0,20.0,15.0,1333333,1000000.0,100000.0,10.0,2.0,,,,,,,,,,,100000.0,10.0,100000.0,10.0
1136,400000.0,15.0,10.0,4000000,2666667.0,400000.0,15.0,1.0,,,400000.0,15.0,,,,,,,,,,
1137,,,10.0,5000000,,,,,,,,,,,,,,,,,,
1138,250000.0,20.0,10.0,2500000,1250000.0,250000.0,20.0,1.0,,,250000.0,20.0,,,,,,,,,,
1139,250000.0,15.0,5.0,5000000,1666667.0,250000.0,15.0,1.0,,,,,,,,,,,250000.0,15.0,,
1140,300000.0,15.0,10.0,3000000,2000000.0,300000.0,15.0,1.0,,,,,300000.0,15.0,,,,,,,,
1141,250000.0,0.0,10.0,2500000,0.0,250000.0,0.0,1.0,,,,,,,250000.0,0.0,,,,,,
1142,,,20.0,500000,,,,,,,,,,,,,,,,,,
1143,,,1.0,100000000,,,,,,,,,,,,,,,,,,
1144,150000.0,20.0,6.0,2500000,750000.0,75000.0,10.0,2.0,,,,,75000.0,10.0,,,,,,,75000.0,10.0
1145,75000.0,40.0,40.0,187500,187500.0,75000.0,40.0,1.0,,,75000.0,40.0,,,,,,,,,,
1146,,,10.0,3000000,,,,,,,,,,,,,,,,,,
1147,100000.0,22.5,10.0,1000000,444444.0,100000.0,22.5,1.0,,,,,,,,,,,,,100000.0,22.5
1148,300000.0,12.0,5.0,6000000,2500000.0,150000.0,6.0,2.0,150000.0,6.0,150000.0,6.0,,,,,,,,,,
1149,50000.0,30.0,25.0,200000,166667.0,50000.0,30.0,1.0,,,,,,,,,50000.0,30.0,,,,
1150,150000.0,20.0,15.0,1000000,750000.0,150000.0,20.0,1.0,,,,,,,,,,,150000.0,20.0,,
1151,700000.0,33.3,10.0,1750000,2102102.0,700000.0,33.3,1.0,700000.0,33.3,,,,,,,,,,,,
1152,1000000.0,5.0,6.0,16666667,20000000.0,1000000.0,5.0,1.0,,,,,,,,,,,1000000.0,5.0,,
1153,,,7.5,10000000,,,,,,,,,,,,,,,,,,
1154,300000.0,10.0,5.0,6000000,3000000.0,300000.0,10.0,1.0,300000.0,10.0,,,,,,,,,,,,
1155,600000.0,15.0,6.0,10000000,4000000.0,600000.0,15.0,1.0,,,,,,,,,,,,,600000.0,15.0
1156,,,2.5,9000000,,,,,,,,,,,,,,,,,,
1157,,,10.0,1500000,,,,,,,,,,,,,,,,,,
1158,150000.0,33.3,10.0,1500000,450450.0,150000.0,33.3,1.0,,,,,,,,,,,150000.0,33.3,,
1159,250000.0,10.0,3.0,8333333,2500000.0,250000.0,10.0,1.0,,,,,,,,,,,250000.0,10.0,,
1160,300000.0,20.0,15.0,2000000,1500000.0,300000.0,20.0,1.0,,,,,300000.0,20.0,,,,,,,,
1161,1000000.0,7.0,2.0,25000000,14285714.0,1000000.0,7.0,1.0,,,1000000.0,7.0,,,,,,,,,,
1162,,,15.0,500000,,,,,,,,,,,,,,,,,,
1163,100000.0,10.0,6.0,1666667,1000000.0,50000.0,5.0,2.0,,,50000.0,5.0,,,,,,,,,50000.0,5.0
1164,300000.0,15.0,10.0,3000000,2000000.0,300000.0,15.0,1.0,,,,,,,,,300000.0,15.0,,,,
1165,240000.0,6.0,6.0,4000000,4000000.0,240000.0,6.0,1.0,,,,,240000.0,6.0,,,,,,,,
1166,,,15.0,1333333,,,,,,,,,,,,,,,,,,
1167,500000.0,25.0,5.0,10000000,2000000.0,500000.0,25.0,1.0,,,,,,,500000.0,25.0,,,,,,
1168,200000.0,22.0,10.0,2000000,909091.0,200000.0,22.0,1.0,,,,,200000.0,22.0,,,,,,,,
1169,,,15.0,2000000,,,,,,,,,,,,,,,,,,
1170,25000.0,30.0,20.0,125000,83333.0,25000.0,30.0,1.0,,,,,,,,,25000.0,30.0,,,,
1171,100000.0,25.0,7.5,1000000,400000.0,33333.33333,8.333333333,3.0,,,33333.333,8.333,33333.333,8.333,,,33333.333,8.333,,,,
1172,1000000.0,5.0,3.0,33333333,20000000.0,1000000.0,5.0,1.0,,,1000000.0,5.0,,,,,,,,,,
1173,1200000.0,12.0,5.0,24000000,10000000.0,1200000.0,12.0,1.0,,,,,,,1200000.0,12.0,,,,,,
1174,100000.0,20.0,20.0,500000,500000.0,100000.0,20.0,1.0,,,,,100000.0,20.0,,,,,,,,
1175,,,10.0,5000000,,,,,,,,,,,,,,,,,,
1176,500000.0,17.0,10.0,5000000,2941176.0,500000.0,17.0,1.0,,,500000.0,17.0,,,,,,,,,,
1177,100000.0,22.0,22.0,400000,454545.0,100000.0,22.0,1.0,100000.0,22.0,,,,,,,,,,,,
1178,200000.0,20.0,5.0,4000000,1000000.0,200000.0,20.0,1.0,200000.0,20.0,,,,,,,,,,,,
1179,150000.0,20.0,10.0,1500000,750000.0,150000.0,20.0,1.0,,,,,,,,,,,,,150000.0,20.0
1180,600000.0,10.0,5.0,12000000,6000000.0,600000.0,10.0,1.0,,,,,,,600000.0,10.0,,,,,,
1181,,,10.0,1000000,,,,,,,,,,,,,,,,,,
1182,400000.0,10.0,6.0,6666667,4000000.0,400000.0,10.0,1.0,,,,,400000.0,10.0,,,,,,,,
1183,,,10.0,3000000,,,,,,,,,,,,,,,,,,
1184,600000.0,20.0,5.0,10000000,3000000.0,300000.0,10.0,2.0,,,300000.0,10.0,,,,,,,,,300000.0,10.0
1185,,,5.0,13000000,,,,,,,,,,,,,,,,,,
1186,,,10.0,1000000,,,,,,,,,,,,,,,,,,
1187,,,5.0,50000000,,,,,,,,,,,,,,,,,,
1188,200000.0,15.0,5.0,4000000,1333333.0,200000.0,15.0,1.0,,,,,,,,,200000.0,15.0,,,,
1189,600000.0,10.0,5.0,8000000,6000000.0,300000.0,5.0,2.0,300000.0,5.0,,,,,300000.0,5.0,,,,,,
1190,100000.0,13.0,10.0,1000000,769231.0,100000.0,13.0,1.0,,,,,100000.0,13.0,,,,,,,,
1191,100000.0,15.0,10.0,1000000,666667.0,100000.0,15.0,1.0,,,,,100000.0,15.0,,,,,,,,
1192,,,10.0,2500000,,,,,,,,,,,,,,,,,,
1193,200000.0,20.0,15.0,1333333,1000000.0,100000.0,10.0,2.0,100000.0,10.0,100000.0,10.0,,,,,,,,,,
1194,450000.0,6.0,5.0,5000000,7500000.0,225000.0,3.0,2.0,,,225000.0,3.0,225000.0,3.0,,,,,,,,
1195,100000.0,33.0,10.0,1000000,303030.0,100000.0,33.0,1.0,,,,,,,,,,,100000.0,33.0,,
1196,350000.0,20.0,10.0,3500000,1750000.0,350000.0,20.0,1.0,,,,,,,,,,,,,350000.0,20.0
1197,,,10.0,3000000,,,,,,,,,,,,,,,,,,
1198,,,10.0,2000000,,,,,,,,,,,,,,,,,,
1199,500000.0,10.0,10.0,5000000,5000000.0,500000.0,10.0,1.0,,,,,,,,,,,500000.0,10.0,,
1200,,,10.0,5000000,,,,,,,,,,,,,,,,,,
1201,,,5.0,5000000,,,,,,,,,,,,,,,,,,
1202,250000.0,10.0,5.0,5000000,2500000.0,250000.0,10.0,1.0,,,250000.0,10.0,,,,,,,,,,
1203,200000.0,25.0,10.0,2000000,800000.0,100000.0,12.5,2.0,,,,,100000.0,12.5,100000.0,12.5,,,,,,
1204,,,20.0,500000,,,,,,,,,,,,,,,,,,
1205,200000.0,15.0,10.0,2000000,1333333.0,100000.0,7.5,2.0,,,100000.0,7.5,100000.0,7.5,,,,,,,,
1206,250000.0,20.0,10.0,2500000,1250000.0,250000.0,20.0,1.0,,,,,,,,,,,,,250000.0,20.0
1207,150000.0,20.0,10.0,1500000,750000.0,75000.0,10.0,2.0,,,,,75000.0,10.0,,,,,,,75000.0,10.0
1208,300000.0,20.0,10.0,3000000,1500000.0,300000.0,20.0,1.0,,,,,,,,,,,300000.0,20.0,,
1209,1000000.0,10.0,4.0,7500000,10000000.0,500000.0,5.0,2.0,,,500000.0,5.0,,,,,,,,,500000.0,5.0
1210,225000.0,15.0,8.0,2312500,1500000.0,225000.0,15.0,1.0,,,225000.0,15.0,,,,,,,,,,
1211,200000.0,20.0,5.0,4000000,1000000.0,200000.0,20.0,1.0,200000.0,20.0,,,,,,,,,,,,
1212,200000.0,30.0,15.0,1333333,666667.0,200000.0,30.0,1.0,,,,,,,200000.0,30.0,,,,,,
1213,700000.0,95.0,10.0,3000000,736842.0,700000.0,95.0,1.0,,,,,700000.0,95.0,,,,,,,,
1214,300000.0,9.0,5.0,6000000,3333333.0,300000.0,9.0,1.0,,,,,300000.0,9.0,,,,,,,,
1215,75000.0,35.0,10.0,750000,214286.0,75000.0,35.0,1.0,,,,,,,,,,,,,75000.0,35.0
1216,150000.0,25.0,15.0,1000000,600000.0,75000.0,12.5,2.0,,,75000.0,12.5,75000.0,12.5,,,,,,,,
1217,60000.0,20.0,20.0,300000,300000.0,60000.0,20.0,1.0,,,60000.0,20.0,,,,,,,,,,
1218,150000.0,20.0,10.0,1500000,750000.0,150000.0,20.0,1.0,,,,,,,,,150000.0,20.0,,,,
1219,300000.0,5.0,5.0,6000000,6000000.0,300000.0,5.0,1.0,,,,,300000.0,5.0,,,,,,,,
1220,100000.0,20.0,10.0,1000000,500000.0,50000.0,10.0,2.0,,,,,,,50000.0,10.0,,,50000.0,10.0,,
1221,200000.0,30.0,20.0,1000000,666667.0,200000.0,30.0,1.0,,,200000.0,30.0,,,,,,,,,,
1222,250000.0,18.0,10.0,2500000,1388889.0,250000.0,18.0,1.0,,,,,,,250000.0,18.0,,,,,,
1223,,,15.0,93333,,,,,,,,,,,,,,,,,,
1224,300000.0,6.0,3.0,10000000,5000000.0,300000.0,6.0,1.0,300000.0,6.0,,,,,,,,,,,,
1225,250000.0,12.0,5.0,5000000,2083333.0,125000.0,6.0,2.0,,,125000.0,6.0,,,,,,,,,125000.0,6.0
1226,,,5.0,6000000,,,,,,,,,,,,,,,,,,
1227,250000.0,10.0,5.0,5000000,2500000.0,125000.0,5.0,2.0,125000.0,5.0,,,,,,,,,,,125000.0,5.0
1228,,,5.0,2000000,,,,,,,,,,,,,,,,,,
1229,500000.0,6.0,5.0,10000000,8333333.0,500000.0,6.0,1.0,,,,,,,,,,,,,500000.0,6.0
1230,500000.0,7.0,2.5,20000000,7142857.0,250000.0,3.5,2.0,,,,,,,,,,,250000.0,3.5,250000.0,3.5
1231,,,5.0,10000000,,,,,,,,,,,,,,,,,,
1232,130000.0,25.0,8.0,1625000,520000.0,130000.0,25.0,1.0,,,,,,,,,,,,,130000.0,25.0
1233,,,7.0,5714286,,,,,,,,,,,,,,,,,,
1234,,,5.0,6000000,,,,,,,,,,,,,,,,,,
1235,250000.0,22.0,10.0,2500000,1136364.0,125000.0,11.0,2.0,,,125000.0,11.0,125000.0,11.0,,,,,,,,
1236,150000.0,49.0,20.0,750000,306122.0,150000.0,49.0,1.0,,,,,,,,,150000.0,49.0,,,,
1237,,,25.0,160000,,,,,,,,,,,,,,,,,,
1238,500000.0,15.0,10.0,5000000,3333333.0,500000.0,15.0,1.0,,,,,500000.0,15.0,,,,,,,,
1239,350000.0,8.0,5.0,7000000,4375000.0,350000.0,8.0,1.0,,,,,,,,,,,,,350000.0,8.0
1240,250000.0,12.0,5.0,5000000,2083333.0,250000.0,12.0,1.0,,,,,,,250000.0,12.0,,,,,,
1241,300000.0,25.0,15.0,2000000,1200000.0,300000.0,25.0,1.0,,,300000.0,25.0,,,,,,,,,,
1242,,,30.0,666667,,,,,,,,,,,,,,,,,,
1243,,,20.0,750000,,,,,,,,,,,,,,,,,,
1244,150000.0,20.0,10.0,1500000,750000.0,150000.0,20.0,1.0,150000.0,20.0,,,,,,,,,,,,
1245,400000.0,8.0,5.0,8000000,5000000.0,400000.0,8.0,1.0,,,400000.0,8.0,,,,,,,,,,
1246,250000.0,15.0,12.0,2083333,1666667.0,250000.0,15.0,1.0,250000.0,15.0,,,,,,,,,,,,
1247,,,10.0,1000000,,,,,,,,,,,,,,,,,,
1248,250000.0,16.0,5.0,5000000,1562500.0,250000.0,16.0,1.0,,,,,,,250000.0,16.0,,,,,,
1249,,,5.0,10000000,,,,,,,,,,,,,,,,,,
1250,350000.0,8.0,5.0,7000000,4375000.0,350000.0,8.0,1.0,,,,,,,,,350000.0,8.0,,,,
1251,200000.0,20.0,10.0,2000000,1000000.0,200000.0,20.0,1.0,200000.0,20.0,,,,,,,,,,,,
1252,,,8.0,3125000,,,,,,,,,,,,,,,,,,
1253,200000.0,40.0,20.0,1000000,500000.0,200000.0,40.0,1.0,,,,,,,200000.0,40.0,,,,,,
1254,,,5.0,20000000,,,,,,,,,,,,,,,,,,
1255,,,10.0,2000000,,,,,,,,,,,,,,,,,,
1256,200000.0,12.5,10.0,2000000,1600000.0,200000.0,12.5,1.0,,,,,200000.0,12.5,,,,,,,,
1257,750000.0,35.0,6.0,4166667,2142857.0,375000.0,17.5,2.0,,,,,375000.0,17.5,,,,,,,375000.0,17.5
1258,100000.0,20.0,5.0,2000000,500000.0,50000.0,10.0,2.0,,,50000.0,10.0,50000.0,10.0,,,,,,,,
1259,400000.0,10.0,5.0,8000000,4000000.0,200000.0,5.0,2.0,,,,,200000.0,5.0,,,,,200000.0,5.0,,
1260,400000.0,20.0,10.0,4000000,2000000.0,200000.0,10.0,2.0,,,,,200000.0,10.0,,,,,,,200000.0,10.0
1261,100000.0,25.0,15.0,1333333,400000.0,100000.0,25.0,1.0,100000.0,25.0,,,,,,,,,,,,
1262,,,5.0,10000000,,,,,,,,,,,,,,,,,,
1263,,,10.0,2000000,,,,,,,,,,,,,,,,,,
1264,150000.0,20.0,10.0,1500000,750000.0,150000.0,20.0,1.0,150000.0,20.0,,,,,,,,,,,,
1265,500000.0,5.0,5.0,10000000,10000000.0,500000.0,5.0,1.0,,,,,,,,,,,500000.0,5.0,,
1266,,,5.0,5000000,,,,,,,,,,,,,,,,,,
1267,80000.0,20.0,15.0,533333,400000.0,40000.0,10.0,2.0,,,40000.0,10.0,40000.0,10.0,,,,,,,,
1268,400000.0,10.0,5.0,8000000,4000000.0,400000.0,10.0,1.0,,,400000.0,10.0,,,,,,,,,,
1269,,,10.0,2500000,,,,,,,,,,,,,,,,,,
1270,250000.0,25.0,17.0,1470588,1000000.0,250000.0,25.0,1.0,,,250000.0,25.0,,,,,,,,,,
1271,70000.0,39.0,30.0,233333,179487.0,70000.0,39.0,1.0,,,,,,,,,70000.0,39.0,,,,
1272,,,10.0,5000000,,,,,,,,,,,,,,,,,,
1273,125000.0,20.0,5.0,500000,625000.0,25000.0,4.0,5.0,25000.0,4.0,25000.0,4.0,25000.0,4.0,,,25000.0,4.0,25000.0,4.0,,
1274,300000.0,12.0,15.0,2000000,2500000.0,300000.0,12.0,1.0,,,300000.0,12.0,,,,,,,,,,
1275,500000.0,20.0,5.0,10000000,2500000.0,250000.0,10.0,2.0,,,250000.0,10.0,250000.0,10.0,,,,,,,,
1276,75000.0,25.0,10.0,750000,300000.0,75000.0,25.0,1.0,,,,,,,,,,,,,75000.0,25.0
1277,,,10.0,2500000,,,,,,,,,,,,,,,,,,
1278,,,7.5,2666667,,,,,,,,,,,,,,,,,,
1279,200000.0,30.0,10.0,2000000,666667.0,100000.0,15.0,2.0,,,100000.0,15.0,100000.0,15.0,,,,,,,,
1280,,,10.0,2500000,,,,,,,,,,,,,,,,,,
1281,,,5.0,2000000,,,,,,,,,,,,,,,,,,
1282,150000.0,20.0,5.0,2000000,750000.0,150000.0,20.0,1.0,,,,,,,,,,,,,150000.0,20.0
1283,300000.0,30.0,10.0,1500000,1000000.0,150000.0,15.0,2.0,,,150000.0,15.0,,,,,,,,,150000.0,15.0
1284,,,10.0,2000000,,,,,,,,,,,,,,,,,,
1285,50000.0,22.0,20.0,250000,227273.0,25000.0,11.0,2.0,,,25000.0,11.0,,,,,,,,,25000.0,11.0
1286,100000.0,10.0,2.0,5000000,1000000.0,100000.0,10.0,1.0,,,100000.0,10.0,,,,,,,,,,
1287,400000.0,19.0,7.0,5714286,2105263.0,400000.0,19.0,1.0,,,,,,,400000.0,19.0,,,,,,
1288,250000.0,20.0,10.0,2500000,1250000.0,125000.0,10.0,2.0,,,125000.0,10.0,,,125000.0,10.0,,,,,,
1289,,,5.0,3000000,,,,,,,,,,,,,,,,,,
1290,75000.0,22.0,10.0,750000,340909.0,75000.0,22.0,1.0,75000.0,22.0,,,,,,,,,,,,
1291,,,8.0,1875000,,,,,,,,,,,,,,,,,,
1292,300000.0,30.0,20.0,1250000,1000000.0,100000.0,10.0,3.0,,,,,100000.0,10.0,,,,,100000.0,10.0,100000.0,10.0
1293,,,15.0,1666667,,,,,,,,,,,,,,,,,,
1294,,,5.0,6000000,,,,,,,,,,,,,,,,,,
1295,65000.0,33.3,10.0,650000,195195.0,32500.0,16.65,2.0,,,,,32500.0,16.65,,,32500.0,16.65,,,,
1296,75000.0,16.0,10.0,750000,468750.0,75000.0,16.0,1.0,,,75000.0,16.0,,,,,,,,,,
1297,250000.0,20.0,10.0,2500000,1250000.0,125000.0,10.0,2.0,,,,,125000.0,10.0,125000.0,10.0,,,,,,
1298,,,20.0,500000,,,,,,,,,,,,,,,,,,
1299,300000.0,12.5,10.0,3000000,2400000.0,300000.0,12.5,1.0,,,300000.0,12.5,,,,,,,,,,
1300,500000.0,15.0,10.0,5000000,3333333.0,500000.0,15.0,1.0,500000.0,15.0,,,,,,,,,,,,
1301,200000.0,20.0,10.0,2000000,1000000.0,200000.0,20.0,1.0,,,,,,,,,200000.0,20.0,,,,
1302,100000.0,20.0,10.0,1000000,500000.0,50000.0,10.0,2.0,50000.0,10.0,,,,,,,50000.0,10.0,,,,
1303,200000.0,15.0,10.0,2000000,1333333.0,200000.0,15.0,1.0,,,,,,,,,,,200000.0,15.0,,
1304,50000.0,33.3,10.0,500000,150150.0,50000.0,33.3,1.0,50000.0,33.3,,,,,,,,,,,,
1305,200000.0,16.0,10.0,2000000,1250000.0,100000.0,8.0,2.0,,,100000.0,8.0,100000.0,8.0,,,,,,,,
1306,250000.0,10.0,5.0,5000000,2500000.0,250000.0,10.0,1.0,250000.0,10.0,,,,,,,,,,,,
1307,,,8.0,6250000,,,,,,,,,,,,,,,,,,
1308,750000.0,10.0,5.0,15000000,7500000.0,375000.0,5.0,2.0,,,375000.0,5.0,375000.0,5.0,,,,,,,,
1309,,,10.0,800000,,,,,,,,,,,,,,,,,,
1310,300000.0,10.0,5.0,6000000,3000000.0,300000.0,10.0,1.0,,,,,,,,,,,,,300000.0,10.0
1311,250000.0,12.0,10.0,2500000,2083333.0,250000.0,12.0,1.0,,,250000.0,12.0,,,,,,,,,,
1312,75000.0,20.0,20.0,375000,375000.0,75000.0,20.0,1.0,,,,,,,,,,,75000.0,20.0,,
1313,350000.0,6.0,4.0,8750000,5833333.0,175000.0,3.0,2.0,,,,,175000.0,3.0,,,,,,,175000.0,3.0
1314,,,10.0,2500000,,,,,,,,,,,,,,,,,,
1315,300000.0,10.0,3.5,8571429,3000000.0,150000.0,5.0,2.0,,,150000.0,5.0,150000.0,5.0,,,,,,,,
1316,150000.0,8.0,8.0,1875000,1875000.0,150000.0,8.0,1.0,,,,,,,,,,,150000.0,8.0,,
1317,100000.0,18.0,10.0,1000000,555556.0,100000.0,18.0,1.0,,,,,,,100000.0,18.0,,,,,,
1318,,,10.0,1000000,,,,,,,,,,,,,,,,,,
1319,,,10.0,500000,,,,,,,,,,,,,,,,,,
1320,150000.0,33.3,10.0,1250000,450450.0,50000.0,11.1,3.0,,,,,50000.0,11.1,,,50000.0,11.1,,,50000.0,11.1
1321,75000.0,20.0,10.0,750000,375000.0,75000.0,20.0,1.0,,,,,,,,,,,,,75000.0,20.0
1322,150000.0,33.3,7.5,2000000,450450.0,75000.0,16.65,2.0,,,,,75000.0,16.65,,,,,75000.0,16.65,,
1323,80000.0,35.0,25.0,320000,228571.0,80000.0,35.0,1.0,,,,,,,,,,,80000.0,35.0,,
1324,250000.0,8.0,4.0,6250000,3125000.0,83333.33333,2.666666667,3.0,,,83333.33333,2.666666667,83333.33333,2.666666667,83333.33333,2.666666667,,,,,,
1325,,,6.5,6153846,,,,,,,,,,,,,,,,,,
1326,350000.0,15.0,10.0,3500000,2333333.0,350000.0,15.0,1.0,,,350000.0,15.0,,,,,,,,,,
1327,300000.0,15.0,10.0,3000000,2000000.0,300000.0,15.0,1.0,,,,,300000.0,15.0,,,,,,,,
1328,100000.0,14.0,10.0,1000000,714286.0,100000.0,14.0,1.0,100000.0,14.0,,,,,,,,,,,,
1329,,,20.0,1250000,,,,,,,,,,,,,,,,,,
1330,,,20.0,500000,,,,,,,,,,,,,,,,,,
1331,75000.0,20.0,10.0,500000,375000.0,75000.0,20.0,1.0,,,75000.0,20.0,,,,,,,,,,
1332,1000000.0,6.0,2.0,2000000,2000000.0,333333.3333,2.0,3.0,,,,,333333.3333,2.0,,,333333.3333,2.0,333333.3333,2.0,,
1333,,,2.0,30000000,,,,,,,,,,,,,,,,,,
1334,250000.0,6.0,2.5,10000000,4166667.0,250000.0,6.0,1.0,,,250000.0,6.0,,,,,,,,,,
1336,,,5.0,7000000,,,,,,,,,,,,,,,,,,
1337,,,10.0,4000000,,,,,,,,,,,,,,,,,,
1338,250000.0,18.0,10.0,2500000,1388889.0,250000.0,18.0,1.0,,,,,250000.0,18.0,,,,,,,,
1339,500000.0,15.0,4.0,12500000,3333333.0,500000.0,15.0,1.0,,,,,,,,,,,500000.0,15.0,,
1340,100000.0,10.0,10.0,1000000,1000000.0,100000.0,10.0,1.0,100000.0,10.0,,,,,,,,,,,,
1341,100000.0,12.5,10.0,2000000,800000.0,100000.0,12.5,1.0,100000.0,12.5,,,,,,,,,,,,
1342,350000.0,10.0,5.0,7000000,3500000.0,350000.0,10.0,1.0,,,,,,,,,,,,,350000.0,10.0
1343,500000.0,4.0,2.5,20000000,12500000.0,500000.0,4.0,1.0,,,500000.0,4.0,,,,,,,,,,
1344,,,5.0,8000000,,,,,,,,,,,,,,,,,,
